TPID,Customer Name,AE Covered,SubSegment,Subsidiary,Sales Territory,Vertical,Vertical Category,AE,Azure Motion,Azure Core Specialist,App Inno,Azure D&AI Specialist,Biz Apps Specialist,Low Code Motion,Low Code Specialist,Modern Work Motion,Modern Work Specialist,Security Specialist,Surface Specialist
993255,MISSION FEDERAL CREDIT UNION,SMC AE Covered,SM&C Commercial - Corporate,United States,US.DMA.100.DS.102,Banking,Credit Unions,ANSCOBEE,SMC Acq Azure,ZAJOHNS,,,DBRAHAM,SMC Low Code,NATEKIEFERT,SMC Grow Security,,MARIDEEADLER,JASONALV
991225,Kansas City Life,SMC Non AE Covered,SM&C Commercial - Corporate,United States,US.DMA.200.NonAE.DS.111,Insurance,Direct Life Insurance Carriers,,SMC Acq Azure,ZAJOHNS,,,DEREKGOH,SMC Low Code,NATEKIEFERT,SMC Grow MW,BMERVIN,,JASONALV
9900283,Inter National Bank,SMC AE Covered,SM&C Commercial - Corporate,United States,US.SWA.100.DS.103,Banking,Commercial Banking,PASTURGI,SMC Grow Azure,"MICHELLEKING, KHANRAHAN",ERHALDAN,MWILLEY,JAMIEBUTLER,SMC Low Code,SEYOUNG,SMC Grow Security,,RODKELLY,DAPATTER
989570,HELIX ELECTRIC INC,SMC AE Covered,SM&C Commercial - Corporate,United States,US.DMA.100.DS.102,Real Estate,Construction of Infrastructure,ANSCOBEE,SMC Grow Azure,"MICHELLEKING, KEVCARTER",ERHALDAN,BRIANJISHI,DBRAHAM,SMC Low Code,NATEKIEFERT,SMC Grow Security,,MARIDEEADLER,JASONALV
9689842,Futuredontics,SMC Non AE Covered,SM&C Commercial - Corporate,United States,US.SWA.200.NonAE.DS.312,IT Services & Business Advisory,Managed IT Services,,SMC Grow Azure,"MICHELLEKING, KHANRAHAN",ERHALDAN,MWILLEY,JAWWADBAIG,SMC Low Code,CRLEMUS,SMC Grow Security,,HUGHCOLLINS,RENYABRAHAM
9620058,MIDLAND CREDIT MANAGEMENT,SMC AE Covered,SM&C Commercial - Corporate,United States,US.DMA.100.DS.102,IT Services & Business Advisory,Managed Services,ANSCOBEE,SMC Grow Azure,"MICHELLEKING, KEVCARTER",ERHALDAN,BRIANJISHI,DBRAHAM,SMC Low Code,NATEKIEFERT,SMC Grow Security,,MARIDEEADLER,JASONALV
9575911,"Massage Envy Limited, LLC",SMC Non AE Covered,SM&C Commercial - Corporate,United States,US.DMA.200.NonAE.DS.111,IT Services & Business Advisory,Accounting & Tax Services,,SMC Acq Azure,ZAJOHNS,,,DEREKGOH,SMC Low Code,NATEKIEFERT,SMC Grow MW,BMERVIN,,JASONALV
9506819,PARAMOUNT RESIDENTIAL MORTGAGE,SMC AE Covered,SM&C Commercial - Corporate,United States,US.DMA.100.DS.103,Capital Markets,Securities Brokerage,ERJAME,SMC Grow Azure,"MICHELLEKING, GEPAULDI",ERHALDAN,BRIANJISHI,DBRAHAM,SMC Low Code,NATEKIEFERT,SMC Grow MW,BMERVIN,,JASONALV
9466908,WARE MALCOMB,SMC Non AE Covered,SM&C Commercial - Corporate,United States,US.SWA.200.NonAE.DS.A.321,Other Professional Services,Architectural Services,,SMC Acq Azure,DASTENVO,,,MSINGLEY,SMC Low Code,CRLEMUS,SMC Grow MW,KITUNNEY,,RENYABRAHAM
94635548,THOMAS JAMES HOMES,SMC AE Covered,SM&C Commercial - Corporate,United States,US.DMA.100.DS.101,Other Professional Services,Commercial Contractual,LYVINSON,SMC Acq Azure,ZAJOHNS,,,ALICIACARLO,SMC Low Code,CRLEMUS,SMC Grow Security,,APAULHUS,JASONALV
94086385,Solera Health,SMC AE Covered,SM&C Commercial - Corporate,United States,US.DMA.100.DS.101,Health Provider,Private Physicians Practices,LYVINSON,SMC Grow Azure,"MICHELLEKING, KAAMBUEH",MFRYE,BRIANJISHI,ALICIACARLO,SMC Low Code,CRLEMUS,SMC Acq MW,ALHOPKIN,,JASONALV
940850,REMINGTON HOTELS,SMC Non AE Covered,SM&C Commercial - Corporate,United States,US.SWA.200.NonAE.DS.A.321,Hospitality,"Hotel, Motel & Casino",,SMC Acq Azure,DASTENVO,,,MSINGLEY,SMC Low Code,CRLEMUS,SMC Grow MW,KITUNNEY,,RENYABRAHAM
9294068,NORTHSTAR VENTURES,SMC AE Covered,SM&C Commercial - Corporate,United States,US.SWA.100.DS.103,IT Services & Business Advisory,Managed IT Services,PASTURGI,SMC Grow Azure,"MICHELLEKING, KHANRAHAN",ERHALDAN,MWILLEY,JAMIEBUTLER,SMC Low Code,SEYOUNG,SMC Grow Security,,RODKELLY,DAPATTER
92815349,IngenovisHealth,SMC AE Covered,SM&C Commercial - Corporate,United States,US.DMA.100.DS.101,Health Provider,Svcs Not Elsewhere Classified,LYVINSON,SMC Grow Azure,"MICHELLEKING, KAAMBUEH",MFRYE,BRIANJISHI,ALICIACARLO,SMC Low Code,CRLEMUS,SMC Grow Security,,APAULHUS,JASONALV
9170228,ALLCAT CLAIMS SERVICE,SMC Non AE Covered,SM&C Commercial - Corporate,United States,US.SWA.200.NonAE.DS.A.311,Insurance,Other Direct Insurance Carrier,,SMC Acq Azure,DASTENVO,,,DMONCIBAIS,SMC Low Code,CRLEMUS,SMC Acq MW,ADSCHWIC,,RENYABRAHAM
9162658,AMERICAN STATES WATER COMPANY,SMC AE Covered,SM&C Commercial - Corporate,United States,US.DMA.100.DS.103,Water & Sewage,"Water,Sewage&Waste Disp",ERJAME,SMC Acq Azure,ZAJOHNS,,,DBRAHAM,SMC Low Code,NATEKIEFERT,SMC Acq MW,ALHOPKIN,,JASONALV
89805714,Tyson and Mendes,SMC AE Covered,SM&C Commercial - Corporate,United States,US.SWA.100.DS.104,Other Professional Services,Commercial Contractual,CHCAYWOO,SMC Grow Azure,"MICHELLEKING, KHANRAHAN",ERHALDAN,MWILLEY,JAMIEBUTLER,SMC Low Code,SEYOUNG,SMC Grow Security,,BRREEVE,DAPATTER
8918705,WEIFIELD CONTRACTING,SMC Non AE Covered,SM&C Commercial - Corporate,United States,US.DMA.200.NonAE.DS.111,Real Estate,Specialty Trade Contractors,,SMC Acq Azure,ZAJOHNS,,,DEREKGOH,SMC Low Code,NATEKIEFERT,SMC Grow Security,,MARIDEEADLER,JASONALV
8901849,DriveCam Inc,SMC AE Covered,SM&C Commercial - Corporate,United States,US.DMA.100.DS.102,Other Professional Services,Architectural Services,ANSCOBEE,SMC Grow Azure,"MICHELLEKING, KEVCARTER",ERHALDAN,BRIANJISHI,DBRAHAM,SMC Low Code,NATEKIEFERT,SMC Grow Security,,MARIDEEADLER,JASONALV
87981686,CANTURIO,SMC Non AE Covered,SM&C Commercial - Corporate,United States,US.SWA.200.NonAE.DS.312,Hospitality,Other Amusement and Recreation,,SMC Grow Azure,"MICHELLEKING, KHANRAHAN",ERHALDAN,MWILLEY,JAWWADBAIG,SMC Low Code,CRLEMUS,SMC Acq MW,ADSCHWIC,,RENYABRAHAM
8755768,AURORA ORGANIC DAIRY,SMC Non AE Covered,SM&C Commercial - Corporate,United States,US.DMA.200.NonAE.DS.111,AgriBusiness,Agriculture& Agricultural Svcs,,SMC Acq Azure,ZAJOHNS,,,DEREKGOH,SMC Low Code,NATEKIEFERT,SMC Grow MW,BMERVIN,,JASONALV
8712656,NEVADA RESTAURANT SERVICES,SMC AE Covered,SM&C Commercial - Corporate,United States,US.DMA.100.DS.102,IT Services & Business Advisory,Management Consulting,ANSCOBEE,SMC Grow Azure,"MICHELLEKING, KEVCARTER",ERHALDAN,BRIANJISHI,DBRAHAM,SMC Low Code,NATEKIEFERT,SMC Grow Security,,MARIDEEADLER,JASONALV
8705699,PSOMAS,SMC AE Covered,SM&C Commercial - Corporate,United States,US.DMA.100.DS.101,Other Professional Services,Surveying Services,LYVINSON,SMC Grow Azure,"MICHELLEKING, KAAMBUEH",MFRYE,BRIANJISHI,ALICIACARLO,SMC Low Code,CRLEMUS,SMC Grow Security,,APAULHUS,JASONALV
865608,WESCOM CREDIT UNION,SMC AE Covered,SM&C Commercial - Corporate,United States,US.DMA.100.DS.103,Banking,Credit Unions,ERJAME,SMC Acq Azure,ZAJOHNS,,,DBRAHAM,SMC Low Code,NATEKIEFERT,SMC Grow Security,,APAULHUS,JASONALV
8534182,GLOBALENGLISH CORPORATION,SMC AE Covered,SM&C Commercial - Corporate,United States,US.DMA.100.DS.102,"At scale SW, data & platforms","At scale SW, data & platforms",ANSCOBEE,SMC Grow Azure,"MICHELLEKING, KEVCARTER",ERHALDAN,BRIANJISHI,DBRAHAM,SMC Low Code,NATEKIEFERT,SMC Acq MW,ALHOPKIN,,JASONALV
84428132,ICHD Inc.,SMC Non AE Covered,SM&C Commercial - Corporate,United States,US.DMA.200.NonAE.DS.111,Other Professional Services,Commercial Contractual,,SMC Acq Azure,ZAJOHNS,,,DEREKGOH,SMC Low Code,NATEKIEFERT,SMC Grow Security,,MARIDEEADLER,JASONALV
8360713,AUTHENTIX ISOTAG,SMC AE Covered,SM&C Commercial - Corporate,United States,US.SWA.100.DS.104,IT Services & Business Advisory,System Integration,CHCAYWOO,SMC Grow Azure,"MICHELLEKING, KHANRAHAN",ERHALDAN,MWILLEY,JAMIEBUTLER,SMC Low Code,SEYOUNG,SMC Grow Security,,BRREEVE,DAPATTER
8342359,KINECTA FEDERAL CREDIT UNION,SMC AE Covered,SM&C Commercial - Corporate,United States,US.DMA.100.DS.101,Banking,Credit Unions,LYVINSON,SMC Acq Azure,ZAJOHNS,,,ALICIACARLO,SMC Low Code,CRLEMUS,SMC Grow Security,,APAULHUS,JASONALV
83133788,CAPTURE 2 PROPOSAL,SMC Non AE Covered,SM&C Commercial - Corporate,United States,US.SWA.200.NonAE.DS.A.311,Other Professional Services,Commercial Contractual,,SMC Grow Azure,"MICHELLEKING, DUCHATHA",ERHALDAN,"NENOBIE, MWILLEY",DMONCIBAIS,SMC Low Code,CRLEMUS,SMC Acq MW,ADSCHWIC,,RENYABRAHAM
8304221,INSIGHT INVESTMENTS CORP,SMC AE Covered,SM&C Commercial - Corporate,United States,US.DMA.100.DS.102,IT Services & Business Advisory,System Integration,ANSCOBEE,SMC Acq Azure,ZAJOHNS,,,DBRAHAM,SMC Low Code,NATEKIEFERT,SMC Grow Security,,MARIDEEADLER,JASONALV
82799096,TRAVERE,SMC AE Covered,SM&C Commercial - Corporate,United States,US.SWA.100.DS.104,Health Provider,Svcs Not Elsewhere Classified,CHCAYWOO,SMC Acq Azure,JAMESVINSON,,,JAMIEBUTLER,SMC Low Code,SEYOUNG,SMC Grow Security,,BRREEVE,DAPATTER
8272233,Montage Hotels & Resorts LLC,SMC AE Covered,SM&C Commercial - Corporate,United States,US.DMA.100.DS.101,Hospitality,"Hotel, Motel & Casino",LYVINSON,SMC Grow Azure,"MICHELLEKING, KAAMBUEH",MFRYE,BRIANJISHI,ALICIACARLO,SMC Low Code,CRLEMUS,SMC Grow Security,,APAULHUS,JASONALV
8237872,WCA WASTE CORPORATION,SMC Non AE Covered,SM&C Commercial - Corporate,United States,US.SWA.200.NonAE.DS.A.321,Other Professional Services,Commercial Contractual,,SMC Acq Azure,DASTENVO,,,MSINGLEY,SMC Low Code,CRLEMUS,SMC Grow Security,,HUGHCOLLINS,RENYABRAHAM
8146526,TEXAS DOW EMPLOYEES CREDIT UNION,SMC AE Covered,SM&C Commercial - Corporate,United States,US.SWA.100.DS.104,Banking,Credit Unions,CHCAYWOO,SMC Acq Azure,JAMESVINSON,,,JAMIEBUTLER,SMC Low Code,SEYOUNG,SMC Grow Security,,BRREEVE,DAPATTER
803872,COMMUNITY MEMORIAL HOSPITAL,SMC AE Covered,SM&C Commercial - Corporate,United States,US.DMA.100.DS.103,Health Provider,Hospitals,ERJAME,SMC Acq Azure,ZAJOHNS,,,DBRAHAM,SMC Low Code,NATEKIEFERT,SMC Acq MW,ALHOPKIN,,JASONALV
8000902,AERA ENERGY LLC,SMC Non AE Covered,SM&C Commercial - Corporate,United States,US.SWA.200.NonAE.DS.A.311,Oil & Gas,Oil & Gas,,SMC Acq Azure,DASTENVO,,,DMONCIBAIS,SMC Low Code,CRLEMUS,SMC Acq MW,ADSCHWIC,,RENYABRAHAM
7990419,PIH HEALTH INC,SMC AE Covered,SM&C Commercial - Corporate,United States,US.DMA.100.DS.103,Health Provider,Hospitals,ERJAME,SMC Acq Azure,ZAJOHNS,,,DBRAHAM,SMC Low Code,NATEKIEFERT,SMC Grow Security,,APAULHUS,JASONALV
7819803,JOERIS GENERAL CONTRACTORS,SMC AE Covered,SM&C Commercial - Corporate,United States,US.SWA.100.DS.104,Real Estate,Specialty Trade Contractors,CHCAYWOO,SMC Acq Azure,JAMESVINSON,,,JAMIEBUTLER,SMC Low Code,SEYOUNG,SMC Grow Security,,BRREEVE,DAPATTER
77339421,"BJ Energy Solutions, LLC",SMC AE Covered,SM&C Commercial - Corporate,United States,US.SWA.100.DS.104,Oil & Gas,Oil & Gas,CHCAYWOO,SMC Grow Azure,"MICHELLEKING, KHANRAHAN",ERHALDAN,MWILLEY,JAMIEBUTLER,SMC Low Code,SEYOUNG,SMC Grow Security,,BRREEVE,DAPATTER
7596507,UNIVERSITY FEDERAL CREDIT UNION,SMC AE Covered,SM&C Commercial - Corporate,United States,US.SWA.100.DS.103,Banking,Credit Unions,PASTURGI,SMC Grow Azure,"MICHELLEKING, KHANRAHAN",ERHALDAN,MWILLEY,JAMIEBUTLER,SMC Low Code,SEYOUNG,SMC Grow Security,,RODKELLY,DAPATTER
74915653,Skydance,SMC Non AE Covered,SM&C Commercial - Corporate,United States,US.SWA.200.NonAE.DS.A.321,Hospitality,Other Amusement and Recreation,,SMC Acq Azure,DASTENVO,,,MSINGLEY,SMC Low Code,CRLEMUS,SMC Acq MW,ADSCHWIC,,RENYABRAHAM
7434441,AMHERST HOLDINGS,SMC AE Covered,SM&C Commercial - Corporate,United States,US.SWA.100.DS.103,Capital Markets,Asset Management,PASTURGI,SMC Grow Azure,"MICHELLEKING, KHANRAHAN",ERHALDAN,MWILLEY,JAMIEBUTLER,SMC Low Code,SEYOUNG,SMC Grow Security,,RODKELLY,DAPATTER
7408893,FAMILY HEALTH CENTERS OF SD,SMC AE Covered,SM&C Commercial - Corporate,United States,US.DMA.100.DS.103,Health Provider,Private Physicians Practices,ERJAME,SMC Grow Azure,"MICHELLEKING, GEPAULDI",ERHALDAN,BRIANJISHI,DBRAHAM,SMC Low Code,NATEKIEFERT,SMC Grow MW,BMERVIN,,JASONALV
7401395,4WALL ENTERTAINMENT,SMC Non AE Covered,SM&C Commercial - Corporate,United States,US.DMA.200.NonAE.DS.A.111,Media & Entertainment,"Books, Magazines, Newspaper",,SMC Acq Azure,ZAJOHNS,,,DBRAHAM,SMC Low Code,NATEKIEFERT,SMC Grow MW,BMERVIN,,JASONALV
7338900,CW DRIVER INC,SMC Non AE Covered,SM&C Commercial - Corporate,United States,US.SWA.200.NonAE.DS.312,Real Estate,Property Management,,SMC Grow Azure,"MICHELLEKING, KHANRAHAN",ERHALDAN,MWILLEY,JAWWADBAIG,SMC Low Code,CRLEMUS,SMC Grow Security,,HUGHCOLLINS,RENYABRAHAM
72868283,Carl Dopart,SMC Non AE Covered,SM&C Commercial - Corporate,United States,US.DMA.200.NonAE.DS.A.111,Other - Unsegmented,Other - Unsegmented,,SMC Acq Azure,ZAJOHNS,,,DBRAHAM,SMC Low Code,NATEKIEFERT,SMC Acq MW,ALHOPKIN,,JASONALV
727626,Econolite,SMC AE Covered,SM&C Commercial - Corporate,United States,US.DMA.100.DS.101,Transport & Logistics,Transport Support Activities,LYVINSON,SMC Grow Azure,"MICHELLEKING, KAAMBUEH",MFRYE,BRIANJISHI,ALICIACARLO,SMC Low Code,CRLEMUS,SMC Grow Security,,APAULHUS,JASONALV
71817065,US Endodontics Partners,SMC AE Covered,SM&C Commercial - Corporate,United States,US.SWA.100.DS.104,Health Provider,Svcs Not Elsewhere Classified,CHCAYWOO,SMC Acq Azure,JAMESVINSON,,,JAMIEBUTLER,SMC Low Code,SEYOUNG,SMC Grow Security,,BRREEVE,DAPATTER
70052330,SOLVO A TURIO GROUP COMPANY,SMC Non AE Covered,SM&C Commercial - Corporate,United States,US.SWA.200.NonAE.DS.A.321,Other - Unsegmented,Other - Unsegmented,,SMC Acq Azure,DASTENVO,,,MSINGLEY,SMC Low Code,CRLEMUS,SMC Grow MW,KITUNNEY,,RENYABRAHAM
69741379,GULFTECH GROUP,SMC Non AE Covered,SM&C Commercial - Corporate,United States,US.DMA.200.NonAE.DS.111,Other - Unsegmented,Other - Unsegmented,,SMC Acq Azure,ZAJOHNS,,,DEREKGOH,SMC Low Code,NATEKIEFERT,SMC Grow Security,,MARIDEEADLER,JASONALV
69342351,SELECT QUOTE,SMC Non AE Covered,SM&C Commercial - Corporate,United States,US.DMA.200.NonAE.DS.111,Insurance,Direct Life Insurance Carriers,,SMC Acq Azure,ZAJOHNS,,,DEREKGOH,SMC Low Code,NATEKIEFERT,SMC Acq MW,ALHOPKIN,,JASONALV
688310,Chiang Patel & Yerby Inc,SMC Non AE Covered,SM&C Commercial - Corporate,United States,US.SWA.200.NonAE.DS.312,Other Professional Services,Architectural Services,,SMC Acq Azure,DASTENVO,,,JAWWADBAIG,SMC Low Code,CRLEMUS,SMC Acq MW,ADSCHWIC,,RENYABRAHAM
681042,GUADALUPE VALLEY ELECTRIC COMPANY GEVC,SMC AE Covered,SM&C Commercial - Corporate,United States,US.SWA.100.DS.103,Power & Utilities,Power & Utilities,PASTURGI,SMC Acq Azure,JAMESVINSON,,,JAMIEBUTLER,SMC Low Code,SEYOUNG,SMC Grow Security,,RODKELLY,DAPATTER
677054,WINSTEAD SECHREST & MINICK,SMC AE Covered,SM&C Commercial - Corporate,United States,US.SWA.100.DS.103,Other Professional Services,Legal,PASTURGI,SMC Acq Azure,JAMESVINSON,,,JAMIEBUTLER,SMC Low Code,SEYOUNG,SMC Grow Security,,RODKELLY,DAPATTER
6732584,California Insurance Guarantee Association,SMC AE Covered,SM&C Commercial - Corporate,United States,US.SWA.100.DS.103,Insurance,Direct Prop_Casualty Insurance,PASTURGI,SMC Grow Azure,"MICHELLEKING, KHANRAHAN",ERHALDAN,MWILLEY,JAMIEBUTLER,SMC Low Code,SEYOUNG,SMC Grow Security,,RODKELLY,DAPATTER
672221,FENWICK WEST,SMC AE Covered,SM&C Commercial - Corporate,United States,US.DMA.100.DS.102,Other Professional Services,Legal,ANSCOBEE,SMC Acq Azure,ZAJOHNS,,,DBRAHAM,SMC Low Code,NATEKIEFERT,SMC Grow Security,,MARIDEEADLER,JASONALV
665849,ENERGYSOLUTIONS,SMC Non AE Covered,SM&C Commercial - Corporate,United States,US.DMA.200.NonAE.DS.B.111,Other Professional Services,Commercial Contractual,,SMC Acq Azure,ZAJOHNS,,,ALICIACARLO,SMC Low Code,NATEKIEFERT,SMC Grow Security,,MARIDEEADLER,JASONALV
662807,Wilshire Associates Incorporated,SMC AE Covered,SM&C Commercial - Corporate,United States,US.DMA.100.DS.103,IT Services & Business Advisory,Managed IT Services,ERJAME,SMC Grow Azure,"MICHELLEKING, GEPAULDI",ERHALDAN,BRIANJISHI,DBRAHAM,SMC Low Code,NATEKIEFERT,SMC Grow Security,,APAULHUS,JASONALV
66221692,"AFV Partners, LLC",SMC Non AE Covered,SM&C Commercial - Corporate,United States,US.SWA.200.NonAE.DS.A.311,Other Professional Services,Commercial Contractual,,SMC Acq Azure,DASTENVO,,,DMONCIBAIS,SMC Low Code,CRLEMUS,SMC Acq MW,ADSCHWIC,,RENYABRAHAM
657874,Rubin Postaer and Associates,SMC AE Covered,SM&C Commercial - Corporate,United States,US.DMA.100.DS.102,Media & Entertainment,Ad Agencies & Ad Sales/Service,ANSCOBEE,SMC Acq Azure,ZAJOHNS,,,DBRAHAM,SMC Low Code,NATEKIEFERT,SMC Grow MW,BMERVIN,,JASONALV
65535297,Interior Landscapes,SMC Non AE Covered,SM&C Commercial - Corporate,United States,US.DMA.200.NonAE.DS.A.111,Other Professional Services,Commercial Contractual,,SMC Grow Azure,"MICHELLEKING, KEVCARTER",ERHALDAN,BRIANJISHI,DBRAHAM,SMC Low Code,NATEKIEFERT,SMC Acq MW,ALHOPKIN,,JASONALV
65519049,Connecticut Party Rentals,SMC Non AE Covered,SM&C Commercial - Corporate,United States,US.DMA.200.NonAE.DS.A.111,Other - Unsegmented,Other - Unsegmented,,SMC Grow Azure,"MICHELLEKING, KEVCARTER",ERHALDAN,BRIANJISHI,DBRAHAM,SMC Low Code,NATEKIEFERT,SMC Grow MW,BMERVIN,,JASONALV
6527246,HIGGINBOTHAM & ASSOCIATES,SMC AE Covered,SM&C Commercial - Corporate,United States,US.SWA.100.DS.103,Insurance,Agents & Brokers,PASTURGI,SMC Grow Azure,"MICHELLEKING, KHANRAHAN",ERHALDAN,MWILLEY,JAMIEBUTLER,SMC Low Code,SEYOUNG,SMC Grow Security,,RODKELLY,DAPATTER
6513189,MORROW MEADOWS CORP,SMC AE Covered,SM&C Commercial - Corporate,United States,US.DMA.100.DS.103,Real Estate,Construction of Buildings,ERJAME,SMC Acq Azure,ZAJOHNS,,,DBRAHAM,SMC Low Code,NATEKIEFERT,SMC Grow MW,BMERVIN,,JASONALV
647547,Colonial Savings & Loan Associates,SMC AE Covered,SM&C Commercial - Corporate,United States,US.SWA.100.DS.103,Banking,Commercial Banking,PASTURGI,SMC Acq Azure,JAMESVINSON,,,JAMIEBUTLER,SMC Low Code,SEYOUNG,SMC Grow Security,,RODKELLY,DAPATTER
645619,MANATT PHELPS AND PHILLIPS LLP,SMC AE Covered,SM&C Commercial - Corporate,United States,US.DMA.100.DS.101,Other Professional Services,Legal,LYVINSON,SMC Grow Azure,"MICHELLEKING, KAAMBUEH",MFRYE,BRIANJISHI,ALICIACARLO,SMC Low Code,CRLEMUS,SMC Grow Security,,APAULHUS,JASONALV
644699,EISENHOWER MEDICAL CENTER,SMC AE Covered,SM&C Commercial - Corporate,United States,US.DMA.100.DS.102,Health Provider,Hospitals,ANSCOBEE,SMC Acq Azure,ZAJOHNS,,,DBRAHAM,SMC Low Code,NATEKIEFERT,SMC Acq MW,ALHOPKIN,,JASONALV
644433,GIBSON DUNN AND CRUTCHER LLP,SMC AE Covered,SM&C Commercial - Corporate,United States,US.DMA.100.DS.102,Other Professional Services,Legal,ANSCOBEE,SMC Grow Azure,"MICHELLEKING, KEVCARTER",ERHALDAN,BRIANJISHI,DBRAHAM,SMC Low Code,NATEKIEFERT,SMC Grow Security,,MARIDEEADLER,JASONALV
641552,SMART & FINAL,SMC AE Covered,SM&C Commercial - Corporate,United States,US.DMA.100.DS.102,Retailers,Grocery/Specialty Foods,ANSCOBEE,SMC Acq Azure,ZAJOHNS,,,DBRAHAM,SMC Low Code,NATEKIEFERT,SMC Grow MW,BMERVIN,,JASONALV
639858,SACU,SMC AE Covered,SM&C Commercial - Corporate,United States,US.SWA.100.DS.103,Banking,Credit Unions,PASTURGI,SMC Acq Azure,JAMESVINSON,,,JAMIEBUTLER,SMC Low Code,SEYOUNG,SMC Grow Security,,RODKELLY,DAPATTER
6356843,SAM INC,SMC AE Covered,SM&C Commercial - Corporate,United States,US.SWA.100.DS.103,Other Professional Services,Structural Engineering Svcs,PASTURGI,SMC Grow Azure,"MICHELLEKING, KHANRAHAN",ERHALDAN,MWILLEY,JAMIEBUTLER,SMC Low Code,SEYOUNG,SMC Grow Security,,RODKELLY,DAPATTER
634886,ASSOCIATION OPERATING ROOM NURSES,SMC Non AE Covered,SM&C Commercial - Corporate,United States,US.DMA.200.NonAE.DS.B.111,Nonprofit & IGO,Member Organizations,,SMC Grow Azure,"MICHELLEKING, KEVCARTER",ERHALDAN,BRIANJISHI,ALICIACARLO,SMC Low Code,NATEKIEFERT,SMC Acq MW,ALHOPKIN,,JASONALV
633034,Sherman & Howard LLC,SMC Non AE Covered,SM&C Commercial - Corporate,United States,US.DMA.200.NonAE.DS.B.111,Other Professional Services,Legal,,SMC Acq Azure,ZAJOHNS,,,ALICIACARLO,SMC Low Code,NATEKIEFERT,SMC Grow Security,,MARIDEEADLER,JASONALV
62062498,CAPITALSENIOR.COM,SMC Non AE Covered,SM&C Commercial - Corporate,United States,US.SWA.200.NonAE.DS.312,Real Estate,Property Management,,SMC Acq Azure,DASTENVO,,,JAWWADBAIG,SMC Low Code,CRLEMUS,SMC Grow MW,KITUNNEY,,RENYABRAHAM
6178136,SOURCE REFRIGERATION AND HVAC,SMC AE Covered,SM&C Commercial - Corporate,United States,US.DMA.100.DS.101,Real Estate,Specialty Trade Contractors,LYVINSON,SMC Acq Azure,ZAJOHNS,,,ALICIACARLO,SMC Low Code,CRLEMUS,SMC Grow Security,,APAULHUS,JASONALV
604552,ARAMCO SERVICES COMPANY,SMC AE Covered,SM&C Commercial - Corporate,United States,US.SWA.100.DS.104,Oil & Gas,Oil & Gas,CHCAYWOO,SMC Acq Azure,JAMESVINSON,,,JAMIEBUTLER,SMC Low Code,SEYOUNG,SMC Grow Security,,BRREEVE,DAPATTER
5985224,CLEAN ENERGY FUELS CORP,SMC AE Covered,SM&C Commercial - Corporate,United States,US.DMA.100.DS.102,Oil & Gas,Oil & Gas,ANSCOBEE,SMC Grow Azure,"MICHELLEKING, KEVCARTER",ERHALDAN,BRIANJISHI,DBRAHAM,SMC Low Code,NATEKIEFERT,SMC Grow Security,,MARIDEEADLER,JASONALV
59489422,AHERN FAMILY OF COMPANIES,SMC AE Covered,SM&C Commercial - Corporate,United States,US.DMA.100.DS.102,Real Estate,Construction of Buildings,ANSCOBEE,SMC Acq Azure,ZAJOHNS,,,DBRAHAM,SMC Low Code,NATEKIEFERT,SMC Acq MW,ALHOPKIN,,JASONALV
59471168,BRECKENRIDGE GRAND VACATIONS,SMC Non AE Covered,SM&C Commercial - Corporate,United States,US.DMA.200.NonAE.DS.111,Hospitality,"Hotel, Motel & Casino",,SMC Acq Azure,ZAJOHNS,,,DEREKGOH,SMC Low Code,NATEKIEFERT,SMC Grow MW,BMERVIN,,JASONALV
5912721,SALEM COMMUNICATIONS CORPORATION,SMC AE Covered,SM&C Commercial - Corporate,United States,US.DMA.100.DS.102,Media & Entertainment,Radio & TV,ANSCOBEE,SMC Grow Azure,"MICHELLEKING, KEVCARTER",ERHALDAN,BRIANJISHI,DBRAHAM,SMC Low Code,NATEKIEFERT,SMC Grow Security,,MARIDEEADLER,JASONALV
5899213,CALLON PETROLEUM,SMC AE Covered,SM&C Commercial - Corporate,United States,US.SWA.100.DS.104,Oil & Gas,Oil & Gas,CHCAYWOO,SMC Grow Azure,"MICHELLEKING, KHANRAHAN",ERHALDAN,MWILLEY,JAMIEBUTLER,SMC Low Code,SEYOUNG,SMC Grow Security,,BRREEVE,DAPATTER
5831687,OIL STATES INDUSTRIES INC,SMC AE Covered,SM&C Commercial - Corporate,United States,US.SWA.100.DS.103,Oil & Gas,Oil & Gas,PASTURGI,SMC Acq Azure,JAMESVINSON,,,JAMIEBUTLER,SMC Low Code,SEYOUNG,SMC Grow Security,,RODKELLY,DAPATTER
5823584,THE DOCTORS COMPANY,SMC AE Covered,SM&C Commercial - Corporate,United States,US.DMA.100.DS.102,Insurance,Agents & Brokers,ANSCOBEE,SMC Grow Azure,"MICHELLEKING, KEVCARTER",ERHALDAN,BRIANJISHI,DBRAHAM,SMC Low Code,NATEKIEFERT,SMC Grow Security,,MARIDEEADLER,JASONALV
5823431,ENERVEST MANAGEMENT PARTNERS,SMC AE Covered,SM&C Commercial - Corporate,United States,US.SWA.100.DS.104,Oil & Gas,Oil & Gas,CHCAYWOO,SMC Acq Azure,JAMESVINSON,,,JAMIEBUTLER,SMC Low Code,SEYOUNG,SMC Grow Security,,BRREEVE,DAPATTER
5778751,PENHALL CO,SMC AE Covered,SM&C Commercial - Corporate,United States,US.DMA.100.DS.101,Real Estate,Construction of Buildings,LYVINSON,SMC Acq Azure,ZAJOHNS,,,ALICIACARLO,SMC Low Code,CRLEMUS,SMC Grow MW,BMERVIN,,JASONALV
5751489,WORD AND BROWN GENERAL AGENCY,SMC AE Covered,SM&C Commercial - Corporate,United States,US.DMA.100.DS.102,Insurance,Direct Prop_Casualty Insurance,ANSCOBEE,SMC Grow Azure,"MICHELLEKING, KEVCARTER",ERHALDAN,BRIANJISHI,DBRAHAM,SMC Low Code,NATEKIEFERT,SMC Grow Security,,MARIDEEADLER,JASONALV
5724598,THE LUND COMPANY,SMC Non AE Covered,SM&C Commercial - Corporate,United States,US.DMA.200.NonAE.DS.A.111,Real Estate,Property Development,,SMC Acq Azure,ZAJOHNS,,,DBRAHAM,SMC Low Code,NATEKIEFERT,SMC Grow MW,BMERVIN,,JASONALV
57196651,Stratum Reservoir,SMC Non AE Covered,SM&C Commercial - Corporate,United States,US.SWA.200.NonAE.DS.A.321,Oil & Gas,Oil & Gas,,SMC Grow Azure,"MICHELLEKING, KHANRAHAN",ERHALDAN,MWILLEY,MSINGLEY,SMC Low Code,CRLEMUS,SMC Grow MW,KITUNNEY,,RENYABRAHAM
5692459,GCOMMERCE,SMC Non AE Covered,SM&C Commercial - Corporate,United States,US.DMA.200.NonAE.DS.A.111,IT Services & Business Advisory,System Integration,,SMC Grow Azure,"MICHELLEKING, KEVCARTER",ERHALDAN,BRIANJISHI,DBRAHAM,SMC Low Code,NATEKIEFERT,SMC Grow MW,BMERVIN,,JASONALV
56285042,VAREL MINING AND INDUSTRIAL LLC,SMC Non AE Covered,SM&C Commercial - Corporate,United States,US.SWA.200.NonAE.DS.A.321,Oil & Gas,Oil & Gas,,SMC Grow Azure,"MICHELLEKING, KHANRAHAN",ERHALDAN,MWILLEY,MSINGLEY,SMC Low Code,CRLEMUS,SMC Grow Security,,HUGHCOLLINS,RENYABRAHAM
55797543,CONTINUUM GLOBAL SOLUTIONS LLC,SMC AE Covered,SM&C Commercial - Corporate,United States,US.SWA.100.DS.103,Other Professional Services,Commercial Contractual,PASTURGI,SMC Acq Azure,JAMESVINSON,,,JAMIEBUTLER,SMC Low Code,SEYOUNG,SMC Grow MW,KITUNNEY,,DAPATTER
5523086,STEADFAST MANAGEMENT COMP,SMC AE Covered,SM&C Commercial - Corporate,United States,US.DMA.100.DS.101,Real Estate,Construction of Buildings,LYVINSON,SMC Acq Azure,ZAJOHNS,,,ALICIACARLO,SMC Low Code,CRLEMUS,SMC Grow Security,,APAULHUS,JASONALV
54865318,cokinoslaw.com,SMC Non AE Covered,SM&C Commercial - Corporate,United States,US.SWA.200.NonAE.DS.312,Other - Unsegmented,Other - Unsegmented,,SMC Grow Azure,"MICHELLEKING, KHANRAHAN",ERHALDAN,MWILLEY,JAWWADBAIG,SMC Low Code,CRLEMUS,SMC Grow Security,,HUGHCOLLINS,RENYABRAHAM
54838668,Ontellus,SMC AE Covered,SM&C Commercial - Corporate,United States,US.SWA.100.DS.103,IT Services & Business Advisory,Managed IT Services,PASTURGI,SMC Grow Azure,"MICHELLEKING, KHANRAHAN",ERHALDAN,MWILLEY,JAMIEBUTLER,SMC Low Code,SEYOUNG,SMC Grow Security,,RODKELLY,DAPATTER
54551930,OneCubic,SMC Non AE Covered,SM&C Commercial - Corporate,United States,US.SWA.200.NonAE.DS.A.321,Other - Unsegmented,Other - Unsegmented,,SMC Grow Azure,"MICHELLEKING, KHANRAHAN",ERHALDAN,MWILLEY,MSINGLEY,SMC Low Code,CRLEMUS,SMC Acq MW,ADSCHWIC,,RENYABRAHAM
5414634,ORION CONSTRUCTION INC,SMC AE Covered,SM&C Commercial - Corporate,United States,US.SWA.100.DS.104,Real Estate,Construction of Buildings,CHCAYWOO,SMC Acq Azure,JAMESVINSON,,,JAMIEBUTLER,SMC Low Code,SEYOUNG,SMC Grow MW,KITUNNEY,,DAPATTER
53794019,siglers.com,SMC Non AE Covered,SM&C Commercial - Corporate,United States,US.DMA.200.NonAE.DS.111,Real Estate,Construction of Buildings,,SMC Acq Azure,ZAJOHNS,,,DEREKGOH,SMC Low Code,NATEKIEFERT,SMC Grow Security,,MARIDEEADLER,JASONALV
5316807,WISE REGIONAL HEALTH SYSTEM,SMC AE Covered,SM&C Commercial - Corporate,United States,US.SWA.100.DS.103,Health Provider,Hospitals,PASTURGI,SMC Acq Azure,JAMESVINSON,,,JAMIEBUTLER,SMC Low Code,SEYOUNG,SMC Grow Security,,RODKELLY,DAPATTER
53040522,C&L Refrigeration,SMC Non AE Covered,SM&C Commercial - Corporate,United States,US.SWA.200.NonAE.DS.A.311,Other - Unsegmented,Other - Unsegmented,,SMC Acq Azure,DASTENVO,,,DMONCIBAIS,SMC Low Code,CRLEMUS,SMC Acq MW,ADSCHWIC,,RENYABRAHAM
5295400,MICHAEL SULLIVAN & ASSOCIATES,SMC Non AE Covered,SM&C Commercial - Corporate,United States,US.SWA.200.NonAE.DS.312,Other Professional Services,Legal,,SMC Grow Azure,"MICHELLEKING, KHANRAHAN",ERHALDAN,MWILLEY,JAWWADBAIG,SMC Low Code,CRLEMUS,SMC Grow Security,,HUGHCOLLINS,RENYABRAHAM
52871889,ANTHESIS LLC,SMC Non AE Covered,SM&C Commercial - Corporate,United States,US.DMA.200.NonAE.DS.111,Nonprofit & IGO,Member Organizations,,SMC Acq Azure,ZAJOHNS,,,DEREKGOH,SMC Low Code,NATEKIEFERT,SMC Grow MW,BMERVIN,,JASONALV
5232218,EL PASO ELECTRIC COMPANY,SMC AE Covered,SM&C Commercial - Corporate,United States,US.SWA.100.DS.104,Power & Utilities,Power & Utilities,CHCAYWOO,SMC Acq Azure,JAMESVINSON,,,JAMIEBUTLER,SMC Low Code,SEYOUNG,SMC Grow Security,,BRREEVE,DAPATTER
51603730,UNITED LANGUAGE GROUP,SMC Non AE Covered,SM&C Commercial - Corporate,United States,US.SWA.200.NonAE.DS.A.321,Other Professional Services,Commercial Contractual,,SMC Grow Azure,"MICHELLEKING, KHANRAHAN",ERHALDAN,MWILLEY,MSINGLEY,SMC Low Code,CRLEMUS,SMC Acq MW,ADSCHWIC,,RENYABRAHAM
51155557,adminsure.com,SMC Non AE Covered,SM&C Commercial - Corporate,United States,US.DMA.200.NonAE.DS.111,Other - Unsegmented,Other - Unsegmented,,SMC Acq Azure,ZAJOHNS,,,DEREKGOH,SMC Low Code,NATEKIEFERT,SMC Grow Security,,MARIDEEADLER,JASONALV
51144744,Flintfox International Limited,SMC Non AE Covered,SM&C Commercial - Corporate,United States,US.DMA.200.NonAE.DS.A.111,Other Professional Services,Commercial Contractual,,SMC Acq Azure,ZAJOHNS,,,DBRAHAM,SMC Low Code,NATEKIEFERT,SMC Acq MW,ALHOPKIN,,JASONALV
50779221,americanautoshield.com,SMC Non AE Covered,SM&C Commercial - Corporate,United States,US.DMA.200.NonAE.DS.111,Other - Unsegmented,Other - Unsegmented,,SMC Acq Azure,ZAJOHNS,,,DEREKGOH,SMC Low Code,NATEKIEFERT,SMC Grow MW,BMERVIN,,JASONALV
50392447,USA Millwork,SMC Non AE Covered,SM&C Commercial - Corporate,United States,US.DMA.200.NonAE.DS.111,Real Estate,Specialty Trade Contractors,,SMC Acq Azure,ZAJOHNS,,,DEREKGOH,SMC Low Code,NATEKIEFERT,SMC Grow MW,BMERVIN,,JASONALV
50219480,greatheartsaz.org,SMC Non AE Covered,SM&C Commercial - Corporate,United States,US.DMA.200.NonAE.DS.111,Other - Unsegmented,Other - Unsegmented,,SMC Acq Azure,ZAJOHNS,,,DEREKGOH,SMC Low Code,NATEKIEFERT,SMC Acq MW,ALHOPKIN,,JASONALV
49939907,HCC ITO VPN,SMC Non AE Covered,SM&C Commercial - Corporate,United States,US.SWA.200.NonAE.DS.312,Other - Unsegmented,Other - Unsegmented,,SMC Acq Azure,DASTENVO,,,JAWWADBAIG,SMC Low Code,CRLEMUS,SMC Acq MW,ADSCHWIC,,RENYABRAHAM
4940619,AA FEDERAL CREDIT UNION,SMC AE Covered,SM&C Commercial - Corporate,United States,US.SWA.100.DS.103,Banking,Credit Unions,PASTURGI,SMC Acq Azure,JAMESVINSON,,,JAMIEBUTLER,SMC Low Code,SEYOUNG,SMC Grow Security,,RODKELLY,DAPATTER
48304480,"Jva, Inc.",SMC Non AE Covered,SM&C Commercial - Corporate,United States,US.DMA.200.NonAE.DS.111,Other Professional Services,Structural Engineering Svcs,,SMC Acq Azure,ZAJOHNS,,,DEREKGOH,SMC Low Code,NATEKIEFERT,SMC Grow Security,,MARIDEEADLER,JASONALV
48120296,"Sparkcognition, Inc.",SMC AE Covered,SM&C Commercial - Corporate,United States,US.SWA.100.DS.103,"At scale SW, data & platforms","At scale SW, data & platforms",PASTURGI,SMC Grow Azure,"MICHELLEKING, KHANRAHAN",ERHALDAN,MWILLEY,JAMIEBUTLER,SMC Low Code,SEYOUNG,SMC Acq MW,ADSCHWIC,,DAPATTER
4791720,ENDEAVOR ENERGY RESOURCES,SMC AE Covered,SM&C Commercial - Corporate,United States,US.SWA.100.DS.103,Oil & Gas,Oil & Gas,PASTURGI,SMC Grow Azure,"MICHELLEKING, KHANRAHAN",ERHALDAN,MWILLEY,JAMIEBUTLER,SMC Low Code,SEYOUNG,SMC Grow Security,,RODKELLY,DAPATTER
4764978,ENVIANCE INC,SMC AE Covered,SM&C Commercial - Corporate,United States,US.DMA.100.DS.103,"At scale SW, data & platforms","At scale SW, data & platforms",ERJAME,SMC Grow Azure,"MICHELLEKING, GEPAULDI",ERHALDAN,BRIANJISHI,DBRAHAM,SMC Low Code,NATEKIEFERT,SMC Grow Security,,APAULHUS,JASONALV
47605688,"SUMMIT UTILITIES, INC",SMC Non AE Covered,SM&C Commercial - Corporate,United States,US.DMA.200.NonAE.DS.111,Power & Utilities,Power & Utilities,,SMC Acq Azure,ZAJOHNS,,,DEREKGOH,SMC Low Code,NATEKIEFERT,SMC Acq MW,ALHOPKIN,,JASONALV
46979669,TRANSWORLD SYSTEMS,SMC AE Covered,SM&C Commercial - Corporate,United States,US.DMA.100.DS.102,Capital Markets,Investment Banking,ANSCOBEE,SMC Acq Azure,ZAJOHNS,,,DBRAHAM,,NATEKIEFERT,SMC Acq MW,ALHOPKIN,,JASONALV
46909971,sullivaninterests.com,SMC AE Covered,SM&C Commercial - Corporate,United States,US.SWA.100.DS.104,Real Estate,Construction of Buildings,CHCAYWOO,SMC Acq Azure,JAMESVINSON,,,JAMIEBUTLER,SMC Low Code,SEYOUNG,SMC Grow MW,KITUNNEY,,DAPATTER
45994520,THRIVE PET HEALTHCARE,SMC AE Covered,SM&C Commercial - Corporate,United States,US.SWA.100.DS.104,Health Provider,Svcs Not Elsewhere Classified,CHCAYWOO,SMC Grow Azure,"MICHELLEKING, KHANRAHAN",ERHALDAN,MWILLEY,JAMIEBUTLER,SMC Low Code,SEYOUNG,SMC Grow Security,,BRREEVE,DAPATTER
44784868,INFORMATION TECHNOLOGY PARTNERS,SMC Non AE Covered,SM&C Commercial - Corporate,United States,US.SWA.200.NonAE.DS.312,Other Professional Services,Commercial Contractual,,SMC Acq Azure,DASTENVO,,,JAWWADBAIG,SMC Low Code,CRLEMUS,SMC Grow Security,,HUGHCOLLINS,RENYABRAHAM
4457649,PETROHUNT,SMC Non AE Covered,SM&C Commercial - Corporate,United States,US.SWA.200.NonAE.DS.A.321,Power & Utilities,Power & Utilities,,SMC Acq Azure,DASTENVO,,,MSINGLEY,SMC Low Code,CRLEMUS,SMC Grow Security,,HUGHCOLLINS,RENYABRAHAM
4443985,FREESE AND NICHOLS INC,SMC AE Covered,SM&C Commercial - Corporate,United States,US.SWA.100.DS.103,Other Professional Services,Structural Engineering Svcs,PASTURGI,SMC Grow Azure,"MICHELLEKING, KHANRAHAN",ERHALDAN,MWILLEY,JAMIEBUTLER,SMC Low Code,SEYOUNG,SMC Grow Security,,RODKELLY,DAPATTER
43439480,Acuity EyeCare Holdings LLC,SMC Non AE Covered,SM&C Commercial - Corporate,United States,US.SWA.200.NonAE.DS.A.311,Other - Unsegmented,Other - Unsegmented,,SMC Acq Azure,DASTENVO,,,DMONCIBAIS,SMC Low Code,CRLEMUS,SMC Acq MW,ADSCHWIC,,RENYABRAHAM
4326849,H ROSEN USA INC,SMC Non AE Covered,SM&C Commercial - Corporate,United States,US.SWA.200.NonAE.DS.312,Other Professional Services,Commercial Contractual,,SMC Acq Azure,DASTENVO,,,JAWWADBAIG,SMC Low Code,CRLEMUS,SMC Acq MW,ADSCHWIC,,RENYABRAHAM
43038679,A.Y. McDonald Mfg. Co.,SMC Non AE Covered,SM&C Commercial - Corporate,United States,US.DMA.200.NonAE.DS.111,Power & Utilities,Power & Utilities,,SMC Acq Azure,ZAJOHNS,,,DEREKGOH,SMC Low Code,NATEKIEFERT,SMC Grow MW,BMERVIN,,JASONALV
42914724,"Harkins Administrative Services, In c.",SMC AE Covered,SM&C Commercial - Corporate,United States,US.DMA.100.DS.101,IT Services & Business Advisory,Accounting & Tax Services,LYVINSON,SMC Grow Azure,"MICHELLEKING, KAAMBUEH",MFRYE,BRIANJISHI,ALICIACARLO,SMC Low Code,CRLEMUS,SMC Acq MW,ALHOPKIN,,JASONALV
4250419,INLAND KENWORTH US INC,SMC AE Covered,SM&C Commercial - Corporate,United States,US.DMA.100.DS.101,Transport & Logistics,Transport Support Activities,LYVINSON,SMC Acq Azure,ZAJOHNS,,,ALICIACARLO,SMC Low Code,CRLEMUS,SMC Grow Security,,APAULHUS,JASONALV
42415831,"BroadPath, Inc",SMC AE Covered,SM&C Commercial - Corporate,United States,US.DMA.100.DS.102,Other Professional Services,Commercial Contractual,ANSCOBEE,SMC Acq Azure,ZAJOHNS,,,DBRAHAM,SMC Low Code,NATEKIEFERT,SMC Acq MW,ALHOPKIN,,JASONALV
42337672,Fusion 1205,SMC Non AE Covered,SM&C Commercial - Corporate,United States,US.DMA.200.NonAE.DS.111,Other - Unsegmented,Other - Unsegmented,,SMC Acq Azure,ZAJOHNS,,,DEREKGOH,SMC Low Code,NATEKIEFERT,SMC Acq MW,ALHOPKIN,,JASONALV
4211214,RADNET INC,SMC AE Covered,SM&C Commercial - Corporate,United States,US.DMA.100.DS.103,Health Provider,Private Physicians Practices,ERJAME,SMC Acq Azure,ZAJOHNS,,,DBRAHAM,SMC Low Code,NATEKIEFERT,SMC Acq MW,ALHOPKIN,,JASONALV
42087566,"Select Portfolio Servicing, Inc.",SMC AE Covered,SM&C Commercial - Corporate,United States,US.DMA.100.DS.101,Banking,Commercial Banking,LYVINSON,SMC Grow Azure,"MICHELLEKING, KAAMBUEH",MFRYE,BRIANJISHI,ALICIACARLO,SMC Low Code,CRLEMUS,SMC Acq MW,ALHOPKIN,,JASONALV
42039746,Lexitas,SMC AE Covered,SM&C Commercial - Corporate,United States,US.SWA.100.DS.103,IT Services & Business Advisory,Managed IT Services,PASTURGI,SMC Grow Azure,"MICHELLEKING, KHANRAHAN",ERHALDAN,MWILLEY,JAMIEBUTLER,SMC Low Code,SEYOUNG,SMC Grow MW,KITUNNEY,,DAPATTER
4196258,Willdan,SMC AE Covered,SM&C Commercial - Corporate,United States,US.DMA.100.DS.101,Other Professional Services,Structural Engineering Svcs,LYVINSON,SMC Grow Azure,"MICHELLEKING, KAAMBUEH",MFRYE,BRIANJISHI,ALICIACARLO,SMC Low Code,CRLEMUS,SMC Grow MW,BMERVIN,,JASONALV
4140269,ARENA ENERGY,SMC Non AE Covered,SM&C Commercial - Corporate,United States,US.SWA.200.NonAE.DS.A.311,Oil & Gas,Oil & Gas,,SMC Acq Azure,DASTENVO,,,DMONCIBAIS,SMC Low Code,CRLEMUS,SMC Grow Security,,HUGHCOLLINS,RENYABRAHAM
41206302,CallReliant,SMC Non AE Covered,SM&C Commercial - Corporate,United States,US.SWA.200.NonAE.DS.312,Other - Unsegmented,Other - Unsegmented,,SMC Acq Azure,DASTENVO,,,JAWWADBAIG,SMC Low Code,CRLEMUS,SMC Grow Security,,HUGHCOLLINS,RENYABRAHAM
4108309,"SILICON LABORATORIES, INC.",SMC AE Covered,SM&C Commercial - Corporate,United States,US.SWA.100.DS.104,Discrete Manufacturing,Semicond&Elec Component Mfg,CHCAYWOO,SMC Grow Azure,"MICHELLEKING, KHANRAHAN",ERHALDAN,MWILLEY,JAMIEBUTLER,SMC Low Code,SEYOUNG,SMC Grow Security,,BRREEVE,DAPATTER
41075619,EquiTrust Life Insurance Company,SMC Non AE Covered,SM&C Commercial - Corporate,United States,US.DMA.200.NonAE.DS.111,Insurance,Direct Life Insurance Carriers,,SMC Acq Azure,ZAJOHNS,,,DEREKGOH,SMC Low Code,NATEKIEFERT,SMC Grow MW,BMERVIN,,JASONALV
4090840,SDCCU,SMC AE Covered,SM&C Commercial - Corporate,United States,US.DMA.100.DS.102,Banking,Credit Unions,ANSCOBEE,SMC Acq Azure,ZAJOHNS,,,DBRAHAM,SMC Low Code,NATEKIEFERT,SMC Grow Security,,MARIDEEADLER,JASONALV
40805693,CAMPOS TEST,SMC Non AE Covered,SM&C Commercial - Corporate,United States,US.DMA.200.NonAE.DS.111,Other Professional Services,Commercial Contractual,,SMC Acq Azure,ZAJOHNS,,,DEREKGOH,SMC Low Code,NATEKIEFERT,SMC Grow Security,,MARIDEEADLER,JASONALV
40718796,Improving,SMC Non AE Covered,SM&C Commercial - Corporate,United States,US.SWA.200.NonAE.DS.312,Other - Unsegmented,Other - Unsegmented,,SMC Acq Azure,DASTENVO,,,JAWWADBAIG,SMC Low Code,CRLEMUS,SMC Grow MW,KITUNNEY,,RENYABRAHAM
40268685,"Speedcast Americas, Inc",SMC AE Covered,SM&C Commercial - Corporate,United States,US.SWA.100.DS.104,Telecommunications,Comms Service Provider,CHCAYWOO,SMC Grow Azure,"MICHELLEKING, KHANRAHAN",ERHALDAN,MWILLEY,JAMIEBUTLER,SMC Low Code,SEYOUNG,SMC Grow Security,,BRREEVE,DAPATTER
39346629,"CAVCO INDUSTRIES, INC",SMC Non AE Covered,SM&C Commercial - Corporate,United States,US.SWA.200.NonAE.DS.312,Real Estate,Construction of Buildings,,SMC Acq Azure,DASTENVO,,,JAWWADBAIG,SMC Low Code,CRLEMUS,SMC Grow MW,KITUNNEY,,RENYABRAHAM
39197784,"KPC Global Management, LLC",SMC AE Covered,SM&C Commercial - Corporate,United States,US.DMA.100.DS.101,Health Provider,Hospitals,LYVINSON,SMC Acq Azure,ZAJOHNS,,,ALICIACARLO,SMC Low Code,CRLEMUS,SMC Acq MW,ALHOPKIN,,JASONALV
38584971,"BROADMOOR HOTEL, INC.",SMC Non AE Covered,SM&C Commercial - Corporate,United States,US.DMA.200.NonAE.DS.111,Hospitality,"Hotel, Motel & Casino",,SMC Acq Azure,ZAJOHNS,,,DEREKGOH,SMC Low Code,NATEKIEFERT,SMC Grow Security,,MARIDEEADLER,JASONALV
38372120,Agilon Health,SMC AE Covered,SM&C Commercial - Corporate,United States,US.SWA.100.DS.104,Health Provider,Hospitals,CHCAYWOO,SMC Acq Azure,JAMESVINSON,,,JAMIEBUTLER,SMC Low Code,SEYOUNG,SMC Grow MW,KITUNNEY,,DAPATTER
3747761,ROBBINS GELLER RUDMAN & DOWD LLP,SMC AE Covered,SM&C Commercial - Corporate,United States,US.DMA.100.DS.102,Other Professional Services,Legal,ANSCOBEE,SMC Acq Azure,ZAJOHNS,,,DBRAHAM,SMC Low Code,NATEKIEFERT,SMC Grow Security,,MARIDEEADLER,JASONALV
37434578,Cadence Senior Living,SMC Non AE Covered,SM&C Commercial - Corporate,United States,US.DMA.200.NonAE.DS.111,Other - Unsegmented,Other - Unsegmented,,SMC Grow Azure,"MICHELLEKING, KEVCARTER",ERHALDAN,BRIANJISHI,DEREKGOH,SMC Low Code,NATEKIEFERT,SMC Grow Security,,MARIDEEADLER,JASONALV
37253421,"L.A.R.K. Industries, Inc.",SMC Non AE Covered,SM&C Commercial - Corporate,United States,US.SWA.200.NonAE.DS.312,Other Professional Services,Commercial Contractual,,SMC Acq Azure,DASTENVO,,,JAWWADBAIG,SMC Low Code,CRLEMUS,SMC Acq MW,ADSCHWIC,,RENYABRAHAM
36702222,Safe Harbor Marinas,SMC Non AE Covered,SM&C Commercial - Corporate,United States,US.SWA.200.NonAE.DS.A.321,IT Services & Business Advisory,Managed IT Services,,SMC Acq Azure,DASTENVO,,,MSINGLEY,SMC Low Code,CRLEMUS,SMC Grow MW,KITUNNEY,,RENYABRAHAM
36669875,LENSLOCK.COM,SMC Non AE Covered,SM&C Commercial - Corporate,United States,US.SWA.200.NonAE.DS.312,Other - Unsegmented,Other - Unsegmented,,SMC Grow Azure,"MICHELLEKING, KHANRAHAN",ERHALDAN,MWILLEY,JAWWADBAIG,SMC Low Code,CRLEMUS,SMC Grow MW,KITUNNEY,,RENYABRAHAM
36429198,Black Pearl Mail,SMC Non AE Covered,SM&C Commercial - Corporate,United States,US.DMA.200.NonAE.DS.111,Other Professional Services,Commercial Contractual,,SMC Grow Azure,"MICHELLEKING, KEVCARTER",ERHALDAN,BRIANJISHI,DEREKGOH,SMC Low Code,NATEKIEFERT,SMC Grow Security,,MARIDEEADLER,JASONALV
3615103,LENDERLIVE NETWORK INC,SMC AE Covered,SM&C Commercial - Corporate,United States,US.DMA.100.DS.101,Capital Markets,Securities Brokerage,LYVINSON,SMC Grow Azure,"MICHELLEKING, KAAMBUEH",MFRYE,BRIANJISHI,ALICIACARLO,SMC Low Code,CRLEMUS,SMC Grow MW,BMERVIN,,JASONALV
36066389,CSI COMPRESSCO LP,SMC AE Covered,SM&C Commercial - Corporate,United States,US.SWA.100.DS.103,Oil & Gas,Oil & Gas,PASTURGI,SMC Grow Azure,"MICHELLEKING, KHANRAHAN",ERHALDAN,MWILLEY,JAMIEBUTLER,SMC Low Code,SEYOUNG,SMC Grow Security,,RODKELLY,DAPATTER
34780296,Tellurian Services LLC,SMC AE Covered,SM&C Commercial - Corporate,United States,US.SWA.100.DS.104,Mining,Mining,CHCAYWOO,SMC Grow Azure,"MICHELLEKING, KHANRAHAN",ERHALDAN,MWILLEY,JAMIEBUTLER,SMC Low Code,SEYOUNG,SMC Grow Security,,BRREEVE,DAPATTER
34592294,Seaspine Orthopedics Corporation,SMC AE Covered,SM&C Commercial - Corporate,United States,US.DMA.100.DS.101,Health Provider,Health Services & Aged Care,LYVINSON,SMC Acq Azure,ZAJOHNS,,,ALICIACARLO,SMC Low Code,CRLEMUS,SMC Grow MW,BMERVIN,,JASONALV
3456491,ALL IN 1,SMC AE Covered,SM&C Commercial - Corporate,United States,US.DMA.100.DS.103,Discrete Manufacturing,Industrial Equipment&Machinery,ERJAME,SMC Acq Azure,ZAJOHNS,,,DBRAHAM,SMC Low Code,NATEKIEFERT,SMC Grow MW,BMERVIN,,JASONALV
3434581,Hunting Energy Services L.P.,SMC AE Covered,SM&C Commercial - Corporate,United States,US.SWA.100.DS.104,Oil & Gas,Oil & Gas,CHCAYWOO,SMC Grow Azure,"MICHELLEKING, KHANRAHAN",ERHALDAN,MWILLEY,JAMIEBUTLER,SMC Low Code,SEYOUNG,SMC Grow Security,,BRREEVE,DAPATTER
3412037,CATHAY BANK,SMC AE Covered,SM&C Commercial - Corporate,United States,US.DMA.100.DS.102,Banking,Commercial Banking,ANSCOBEE,SMC Acq Azure,ZAJOHNS,,,DBRAHAM,SMC Low Code,NATEKIEFERT,SMC Grow Security,,MARIDEEADLER,JASONALV
3390649,COMMUNITY ACTION CORP OF SOUTH TX,SMC Non AE Covered,SM&C Commercial - Corporate,United States,US.SWA.200.NonAE.DS.312,Nonprofit & IGO,Member Organizations,,SMC Acq Azure,DASTENVO,,,JAWWADBAIG,SMC Low Code,CRLEMUS,SMC Acq MW,ADSCHWIC,,RENYABRAHAM
33480343,VERITEX BANK,SMC AE Covered,SM&C Commercial - Corporate,United States,US.SWA.100.DS.104,Banking,Commercial Banking,CHCAYWOO,SMC Acq Azure,JAMESVINSON,,,JAMIEBUTLER,SMC Low Code,SEYOUNG,SMC Grow Security,,BRREEVE,DAPATTER
33336287,ALBIREO ENERGY,SMC AE Covered,SM&C Commercial - Corporate,United States,US.DMA.100.DS.102,Other Professional Services,Commercial Contractual,ANSCOBEE,SMC Acq Azure,ZAJOHNS,,,DBRAHAM,SMC Low Code,NATEKIEFERT,SMC Grow MW,BMERVIN,,JASONALV
32731635,Cognitive Scale,SMC AE Covered,SM&C Commercial - Corporate,United States,US.SWA.100.DS.104,"At scale SW, data & platforms","At scale SW, data & platforms",CHCAYWOO,SMC Acq Azure,JAMESVINSON,,,JAMIEBUTLER,SMC Low Code,SEYOUNG,SMC Acq MW,ADSCHWIC,,DAPATTER
31856879,Dogtopia,SMC Non AE Covered,SM&C Commercial - Corporate,United States,US.SWA.200.NonAE.DS.312,AgriBusiness,Agriculture& Agricultural Svcs,,SMC Acq Azure,DASTENVO,,,JAWWADBAIG,SMC Low Code,CRLEMUS,SMC Grow MW,KITUNNEY,,RENYABRAHAM
31746027,EMERALD HEALTH SERVICES,SMC Non AE Covered,SM&C Commercial - Corporate,United States,US.SWA.200.NonAE.DS.312,Other Professional Services,Staffing Services,,SMC Acq Azure,DASTENVO,,,JAWWADBAIG,SMC Low Code,CRLEMUS,SMC Grow MW,KITUNNEY,,RENYABRAHAM
31456645,Manhattan Life Insurance,SMC Non AE Covered,SM&C Commercial - Corporate,United States,US.SWA.200.NonAE.DS.312,Insurance,Direct Life Insurance Carriers,,SMC Acq Azure,DASTENVO,,,JAWWADBAIG,SMC Low Code,CRLEMUS,SMC Grow Security,,HUGHCOLLINS,RENYABRAHAM
31106364,Revere Health,SMC AE Covered,SM&C Commercial - Corporate,United States,US.DMA.100.DS.101,Health Provider,Health Services & Aged Care,LYVINSON,SMC Acq Azure,ZAJOHNS,,,ALICIACARLO,SMC Low Code,CRLEMUS,SMC Grow Security,,APAULHUS,JASONALV
30641152,Innovex,SMC AE Covered,SM&C Commercial - Corporate,United States,US.SWA.100.DS.104,Oil & Gas,Oil & Gas,CHCAYWOO,SMC Grow Azure,"MICHELLEKING, KHANRAHAN",ERHALDAN,MWILLEY,JAMIEBUTLER,SMC Low Code,SEYOUNG,SMC Grow MW,KITUNNEY,,DAPATTER
3018607,CHENIERE ENERGY INC,SMC AE Covered,SM&C Commercial - Corporate,United States,US.SWA.100.DS.104,Oil & Gas,Oil & Gas,CHCAYWOO,SMC Grow Azure,"MICHELLEKING, KHANRAHAN",ERHALDAN,MWILLEY,JAMIEBUTLER,SMC Low Code,SEYOUNG,SMC Grow Security,,BRREEVE,DAPATTER
30178773,CJ Holding Co.,SMC AE Covered,SM&C Commercial - Corporate,United States,US.SWA.100.DS.104,Mining,Mining,CHCAYWOO,SMC Grow Azure,"MICHELLEKING, KHANRAHAN",ERHALDAN,MWILLEY,JAMIEBUTLER,SMC Low Code,SEYOUNG,SMC Grow Security,,BRREEVE,DAPATTER
30050272,Lucas Horsfall,SMC Non AE Covered,SM&C Commercial - Corporate,United States,US.SWA.200.NonAE.DS.312,IT Services & Business Advisory,Accounting & Tax Services,,SMC Grow Azure,"MICHELLEKING, KHANRAHAN",ERHALDAN,MWILLEY,JAWWADBAIG,SMC Low Code,CRLEMUS,SMC Grow Security,,HUGHCOLLINS,RENYABRAHAM
2910323,ENCORE ELECTRIC INC,SMC Non AE Covered,SM&C Commercial - Corporate,United States,US.DMA.200.NonAE.DS.B.111,Real Estate,Construction of Buildings,,SMC Acq Azure,ZAJOHNS,,,ALICIACARLO,SMC Low Code,NATEKIEFERT,SMC Grow MW,BMERVIN,,JASONALV
2904832,HUDSON ADVISORS LLC,SMC AE Covered,SM&C Commercial - Corporate,United States,US.SWA.100.DS.104,Capital Markets,Investment Banking,CHCAYWOO,SMC Grow Azure,"MICHELLEKING, KHANRAHAN",ERHALDAN,MWILLEY,JAMIEBUTLER,SMC Low Code,SEYOUNG,SMC Grow Security,,BRREEVE,DAPATTER
2897506,SARES REGIS GROUP,SMC AE Covered,SM&C Commercial - Corporate,United States,US.DMA.100.DS.101,Real Estate,Property Development,LYVINSON,SMC Acq Azure,ZAJOHNS,,,ALICIACARLO,SMC Low Code,CRLEMUS,SMC Grow Security,,APAULHUS,JASONALV
2857071,JB POINDEXTER & CO INC,SMC AE Covered,SM&C Commercial - Corporate,United States,US.SWA.100.DS.103,Discrete Manufacturing,Industrial Equipment&Machinery,PASTURGI,SMC Acq Azure,JAMESVINSON,,,JAMIEBUTLER,SMC Low Code,SEYOUNG,SMC Grow MW,KITUNNEY,,DAPATTER
2829673,LEWIS BRISBOIS BISGAARD & SMITH LLP,SMC AE Covered,SM&C Commercial - Corporate,United States,US.SWA.100.DS.103,Other Professional Services,Legal,PASTURGI,SMC Grow Azure,"MICHELLEKING, KHANRAHAN",ERHALDAN,MWILLEY,JAMIEBUTLER,SMC Low Code,SEYOUNG,SMC Grow Security,,RODKELLY,DAPATTER
2803548,PARK PLACE MOTORS,SMC AE Covered,SM&C Commercial - Corporate,United States,US.SWA.100.DS.103,Automotive & Mobility,Vehicle Dealers & Repair,PASTURGI,SMC Acq Azure,JAMESVINSON,,,JAMIEBUTLER,SMC Low Code,SEYOUNG,SMC Grow MW,KITUNNEY,,DAPATTER
2735166,Navy Army Community Credit Union,SMC AE Covered,SM&C Commercial - Corporate,United States,US.SWA.100.DS.103,Banking,Credit Unions,PASTURGI,SMC Acq Azure,JAMESVINSON,,,JAMIEBUTLER,SMC Low Code,SEYOUNG,SMC Grow Security,,RODKELLY,DAPATTER
2638191,BDS,SMC AE Covered,SM&C Commercial - Corporate,United States,US.DMA.100.DS.101,Media & Entertainment,Ad Agencies & Ad Sales/Service,LYVINSON,SMC Grow Azure,"MICHELLEKING, KAAMBUEH",MFRYE,BRIANJISHI,ALICIACARLO,SMC Low Code,CRLEMUS,SMC Grow Security,,APAULHUS,JASONALV
26278476,APEX CLEARING CORP.,SMC AE Covered,SM&C Commercial - Corporate,United States,US.SWA.100.DS.103,"At scale SW, data & platforms","At scale SW, data & platforms",PASTURGI,SMC Acq Azure,JAMESVINSON,,,JAMIEBUTLER,SMC Low Code,SEYOUNG,SMC Grow Security,,RODKELLY,DAPATTER
26159556,Hyperloop Technologies,SMC Non AE Covered,SM&C Commercial - Corporate,United States,US.SWA.200.NonAE.DS.A.321,Transport & Logistics,Transport Support Activities,,SMC Acq Azure,DASTENVO,,,MSINGLEY,SMC Low Code,CRLEMUS,SMC Acq MW,ADSCHWIC,,RENYABRAHAM
2589857,ALLIED PILOTS ASSOCIATION,SMC Non AE Covered,SM&C Commercial - Corporate,United States,US.SWA.200.NonAE.DS.A.311,Nonprofit & IGO,Member Organizations,,SMC Acq Azure,DASTENVO,,,DMONCIBAIS,SMC Low Code,CRLEMUS,SMC Grow Security,,HUGHCOLLINS,RENYABRAHAM
2581461,G E JOHNSON CONSTRUCTION CO,SMC Non AE Covered,SM&C Commercial - Corporate,United States,US.DMA.200.NonAE.DS.B.111,Real Estate,Construction of Buildings,,SMC Acq Azure,ZAJOHNS,,,ALICIACARLO,SMC Low Code,NATEKIEFERT,SMC Grow Security,,MARIDEEADLER,JASONALV
2578467,EXCO RESOURCES INC,SMC Non AE Covered,SM&C Commercial - Corporate,United States,US.SWA.200.NonAE.DS.A.311,Oil & Gas,Oil & Gas,,SMC Acq Azure,DASTENVO,,,DMONCIBAIS,SMC Low Code,CRLEMUS,SMC Grow MW,KITUNNEY,,RENYABRAHAM
2570533,HMC Architects,SMC AE Covered,SM&C Commercial - Corporate,United States,US.DMA.100.DS.101,Other Professional Services,Architectural Services,LYVINSON,SMC Grow Azure,"MICHELLEKING, KAAMBUEH",MFRYE,BRIANJISHI,ALICIACARLO,SMC Low Code,CRLEMUS,SMC Grow Security,,APAULHUS,JASONALV
2537569,"Cartesian, Inc.",SMC Non AE Covered,SM&C Commercial - Corporate,United States,US.DMA.200.NonAE.DS.B.111,IT Services & Business Advisory,Managed IT Services,,SMC Grow Azure,"MICHELLEKING, KEVCARTER",ERHALDAN,BRIANJISHI,ALICIACARLO,SMC Low Code,NATEKIEFERT,SMC Grow MW,BMERVIN,,JASONALV
25213202,COVENANT RISK MANAGEMENT,SMC Non AE Covered,SM&C Commercial - Corporate,United States,US.DMA.200.NonAE.DS.111,IT Services & Business Advisory,Managed IT Services,,SMC Grow Azure,"MICHELLEKING, KEVCARTER",ERHALDAN,BRIANJISHI,DEREKGOH,SMC Low Code,NATEKIEFERT,SMC Acq MW,ALHOPKIN,,JASONALV
24882498,Monarch Investments and Management Group,SMC Non AE Covered,SM&C Commercial - Corporate,United States,US.DMA.200.NonAE.DS.A.111,Other - Unsegmented,Other - Unsegmented,,SMC Acq Azure,ZAJOHNS,,,DBRAHAM,SMC Low Code,NATEKIEFERT,SMC Acq MW,ALHOPKIN,,JASONALV
2488001,North American Co Life Health Ins,SMC AE Covered,SM&C Commercial - Corporate,United States,US.SWA.100.DS.103,Insurance,Direct Life Insurance Carriers,PASTURGI,SMC Grow Azure,"MICHELLEKING, KHANRAHAN",ERHALDAN,MWILLEY,JAMIEBUTLER,SMC Low Code,SEYOUNG,SMC Grow Security,,RODKELLY,DAPATTER
24792015,GoFormz,SMC AE Covered,SM&C Commercial - Corporate,United States,US.DMA.100.DS.103,"At scale SW, data & platforms","At scale SW, data & platforms",ERJAME,SMC Grow Azure,"MICHELLEKING, GEPAULDI",ERHALDAN,BRIANJISHI,DBRAHAM,SMC Low Code,NATEKIEFERT,SMC Acq MW,ALHOPKIN,,JASONALV
24411782,American Midstream Partners,SMC Non AE Covered,SM&C Commercial - Corporate,United States,US.SWA.200.NonAE.DS.A.311,Oil & Gas,Oil & Gas,,SMC Acq Azure,DASTENVO,,,DMONCIBAIS,SMC Low Code,CRLEMUS,SMC Acq MW,ADSCHWIC,,RENYABRAHAM
24363834,"Veritone, Llc.",SMC AE Covered,SM&C Commercial - Corporate,United States,US.DMA.100.DS.101,"At scale SW, data & platforms","At scale SW, data & platforms",LYVINSON,SMC Grow Azure,"MICHELLEKING, KAAMBUEH",MFRYE,BRIANJISHI,ALICIACARLO,SMC Low Code,CRLEMUS,SMC Acq MW,ALHOPKIN,,JASONALV
24108425,LGI HOMES,SMC Non AE Covered,SM&C Commercial - Corporate,United States,US.SWA.200.NonAE.DS.312,Real Estate,Construction of Buildings,,SMC Grow Azure,"MICHELLEKING, KHANRAHAN",ERHALDAN,MWILLEY,JAWWADBAIG,SMC Low Code,CRLEMUS,SMC Grow MW,KITUNNEY,,RENYABRAHAM
23979492,"Empire Construction & Technologies, Inc.",SMC Non AE Covered,SM&C Commercial - Corporate,United States,US.SWA.200.NonAE.DS.312,Real Estate,Construction of Buildings,,SMC Grow Azure,"MICHELLEKING, KHANRAHAN",ERHALDAN,MWILLEY,JAWWADBAIG,SMC Low Code,CRLEMUS,SMC Grow MW,KITUNNEY,,RENYABRAHAM
2393264,AMERICAN CAMPUS COMMUNITIES,SMC AE Covered,SM&C Commercial - Corporate,United States,US.SWA.100.DS.103,Real Estate,Property Development,PASTURGI,SMC Acq Azure,JAMESVINSON,,,JAMIEBUTLER,SMC Low Code,SEYOUNG,SMC Grow Security,,RODKELLY,DAPATTER
2385128,BH Management Services,SMC Non AE Covered,SM&C Commercial - Corporate,United States,US.SWA.200.NonAE.DS.A.311,IT Services & Business Advisory,Managed IT Services,,SMC Acq Azure,DASTENVO,,,DMONCIBAIS,SMC Low Code,CRLEMUS,SMC Grow MW,KITUNNEY,,RENYABRAHAM
2376149,PIONEER TITLE,SMC Non AE Covered,SM&C Commercial - Corporate,United States,US.DMA.200.NonAE.DS.B.111,Insurance,Direct Prop_Casualty Insurance,,SMC Acq Azure,ZAJOHNS,,,ALICIACARLO,SMC Low Code,NATEKIEFERT,SMC Grow Security,,MARIDEEADLER,JASONALV
23600480,First Foundation Inc.,SMC AE Covered,SM&C Commercial - Corporate,United States,US.DMA.100.DS.101,Banking,Commercial Banking,LYVINSON,SMC Grow Azure,"MICHELLEKING, KAAMBUEH",MFRYE,BRIANJISHI,ALICIACARLO,SMC Low Code,CRLEMUS,SMC Grow MW,BMERVIN,,JASONALV
23593286,HOGAN MOTOR,SMC Non AE Covered,SM&C Commercial - Corporate,United States,US.DMA.200.NonAE.DS.A.111,Transport & Logistics,Transport Support Activities,,SMC Acq Azure,ZAJOHNS,,,DBRAHAM,SMC Low Code,NATEKIEFERT,SMC Grow MW,BMERVIN,,JASONALV
23405882,Interblock USA L.C.,SMC AE Covered,SM&C Commercial - Corporate,United States,US.DMA.100.DS.102,Hospitality,"Hotel, Motel & Casino",ANSCOBEE,SMC Acq Azure,ZAJOHNS,,,DBRAHAM,SMC Low Code,NATEKIEFERT,SMC Grow Security,,MARIDEEADLER,JASONALV
2336924,K & N ENGINEERING INC,SMC Non AE Covered,SM&C Commercial - Corporate,United States,US.SWA.200.NonAE.DS.A.321,Other Professional Services,Structural Engineering Svcs,,SMC Acq Azure,DASTENVO,,,MSINGLEY,SMC Low Code,CRLEMUS,SMC Grow Security,,HUGHCOLLINS,RENYABRAHAM
23170569,N E S Global Talent,SMC Non AE Covered,SM&C Commercial - Corporate,United States,US.SWA.200.NonAE.DS.312,IT Services & Business Advisory,Managed IT Services,,SMC Acq Azure,DASTENVO,,,JAWWADBAIG,SMC Low Code,CRLEMUS,SMC Grow Security,,HUGHCOLLINS,RENYABRAHAM
22884162,The Scripps Research Institute,SMC Non AE Covered,SM&C Commercial - Corporate,United States,US.SWA.200.NonAE.DS.A.321,Nonprofit & IGO,Research,,SMC Acq Azure,DASTENVO,,,MSINGLEY,SMC Low Code,CRLEMUS,SMC Grow MW,KITUNNEY,,RENYABRAHAM
22858259,Edge Systems,SMC Non AE Covered,SM&C Commercial - Corporate,United States,US.DMA.200.NonAE.DS.A.111,Oil & Gas,Oil & Gas,,SMC Acq Azure,ZAJOHNS,,,DBRAHAM,SMC Low Code,NATEKIEFERT,SMC Grow MW,BMERVIN,,JASONALV
22635907,CENTER FOR ORTHOPEDIC & RESEAR,SMC AE Covered,SM&C Commercial - Corporate,United States,US.DMA.100.DS.102,Health Provider,Private Physicians Practices,ANSCOBEE,SMC Acq Azure,ZAJOHNS,,,DBRAHAM,SMC Low Code,NATEKIEFERT,SMC Grow MW,BMERVIN,,JASONALV
2247332,"Impac Mortgage Holdings, Inc.",SMC AE Covered,SM&C Commercial - Corporate,United States,US.DMA.100.DS.103,Banking,Commercial Banking,ERJAME,SMC Acq Azure,ZAJOHNS,,,DBRAHAM,SMC Low Code,NATEKIEFERT,SMC Grow Security,,APAULHUS,JASONALV
22454662,Pollen Inc.,SMC Non AE Covered,SM&C Commercial - Corporate,United States,US.DMA.200.NonAE.DS.A.111,IT Services & Business Advisory,Managed IT Services,,SMC Acq Azure,ZAJOHNS,,,DBRAHAM,SMC Low Code,NATEKIEFERT,SMC Grow MW,BMERVIN,,JASONALV
2234733,WD-40 Company,SMC AE Covered,SM&C Commercial - Corporate,United States,US.DMA.100.DS.102,Process Manufacturing,"Chemical, Rubber & Plastics",ANSCOBEE,SMC Grow Azure,"MICHELLEKING, KEVCARTER",ERHALDAN,BRIANJISHI,DBRAHAM,SMC Low Code,NATEKIEFERT,SMC Grow Security,,MARIDEEADLER,JASONALV
2204579,SOUTH TEXAS PROJECT NUCLEAR,SMC AE Covered,SM&C Commercial - Corporate,United States,US.SWA.100.DS.103,Power & Utilities,Power & Utilities,PASTURGI,SMC Acq Azure,JAMESVINSON,,,JAMIEBUTLER,SMC Low Code,SEYOUNG,SMC Grow Security,,RODKELLY,DAPATTER
22010039,Sunnova Energy Corporation,SMC Non AE Covered,SM&C Commercial - Corporate,United States,US.SWA.200.NonAE.DS.A.321,Power & Utilities,Power & Utilities,,SMC Acq Azure,DASTENVO,,,MSINGLEY,SMC Low Code,CRLEMUS,SMC Grow MW,KITUNNEY,,RENYABRAHAM
2161520,TROON GOLF,SMC Non AE Covered,SM&C Commercial - Corporate,United States,US.DMA.200.NonAE.DS.A.111,Hospitality,Other Amusement and Recreation,,SMC Acq Azure,ZAJOHNS,,,DBRAHAM,SMC Low Code,NATEKIEFERT,SMC Grow MW,BMERVIN,,JASONALV
21493234,PERFECT WORLD ENTERTAINMENT,SMC Non AE Covered,SM&C Commercial - Corporate,United States,US.SWA.200.NonAE.DS.A.321,Media & Entertainment,Sport Teams & Clubs,,SMC Acq Azure,DASTENVO,,,MSINGLEY,SMC Low Code,CRLEMUS,SMC Acq MW,ADSCHWIC,,RENYABRAHAM
2139356,ATLAS TECHNOLOGIES,SMC Non AE Covered,SM&C Commercial - Corporate,United States,US.SWA.200.NonAE.DS.A.311,IT Services & Business Advisory,System Integration,,SMC Grow Azure,"MICHELLEKING, DUCHATHA",ERHALDAN,"NENOBIE, MWILLEY",DMONCIBAIS,SMC Low Code,CRLEMUS,SMC Grow MW,KITUNNEY,,RENYABRAHAM
2097736,Flex N Gate (HQ),SMC AE Covered,SM&C Commercial - Corporate,United States,US.SWA.100.DS.103,Automotive & Mobility,Vehicle Supplier,PASTURGI,SMC Acq Azure,JAMESVINSON,,,JAMIEBUTLER,SMC Low Code,SEYOUNG,SMC Acq MW,ADSCHWIC,,DAPATTER
20761766,Mirati Therapeutics,SMC AE Covered,SM&C Commercial - Corporate,United States,US.SWA.100.DS.103,Health Pharma,Biotech,PASTURGI,SMC Grow Azure,"MICHELLEKING, KHANRAHAN",ERHALDAN,MWILLEY,JAMIEBUTLER,SMC Low Code,SEYOUNG,SMC Grow Security,,RODKELLY,DAPATTER
20661389,Bio Landscape,SMC Non AE Covered,SM&C Commercial - Corporate,United States,US.SWA.200.NonAE.DS.A.311,AgriBusiness,Agriculture& Agricultural Svcs,,SMC Acq Azure,DASTENVO,,,DMONCIBAIS,SMC Low Code,CRLEMUS,SMC Grow Security,,HUGHCOLLINS,RENYABRAHAM
2065985,SCREEN ACTORS GUILD PRODUCERS,SMC Non AE Covered,SM&C Commercial - Corporate,United States,US.SWA.200.NonAE.DS.A.321,Nonprofit & IGO,Member Organizations,,SMC Acq Azure,DASTENVO,,,MSINGLEY,SMC Low Code,CRLEMUS,SMC Grow MW,KITUNNEY,,RENYABRAHAM
2063219,Genesis Crude Oil,SMC AE Covered,SM&C Commercial - Corporate,United States,US.SWA.100.DS.104,Oil & Gas,Oil & Gas,CHCAYWOO,SMC Acq Azure,JAMESVINSON,,,JAMIEBUTLER,SMC Low Code,SEYOUNG,SMC Grow Security,,BRREEVE,DAPATTER
2046162,BLUCORA INC.,SMC AE Covered,SM&C Commercial - Corporate,United States,US.SWA.100.DS.104,Capital Markets,Asset Management,CHCAYWOO,SMC Acq Azure,JAMESVINSON,,,JAMIEBUTLER,SMC Low Code,SEYOUNG,SMC Grow Security,,BRREEVE,DAPATTER
20298518,Riveron Consulting LP,SMC Non AE Covered,SM&C Commercial - Corporate,United States,US.SWA.200.NonAE.DS.A.321,IT Services & Business Advisory,Managed IT Services,,SMC Acq Azure,DASTENVO,,,MSINGLEY,SMC Low Code,CRLEMUS,SMC Grow Security,,HUGHCOLLINS,RENYABRAHAM
20147025,Kareo,SMC AE Covered,SM&C Commercial - Corporate,United States,US.DMA.100.DS.101,"At scale SW, data & platforms","At scale SW, data & platforms",LYVINSON,SMC Acq Azure,ZAJOHNS,,,ALICIACARLO,SMC Low Code,CRLEMUS,SMC Grow MW,BMERVIN,,JASONALV
2003588,HRL LABORATORIES LLC,SMC AE Covered,SM&C Commercial - Corporate,United States,US.DMA.100.DS.101,Other - Unsegmented,Other - Unsegmented,LYVINSON,SMC Acq Azure,ZAJOHNS,,,ALICIACARLO,SMC Low Code,CRLEMUS,SMC Acq MW,ALHOPKIN,,JASONALV
19741676,Cloud Imperium Services LLC,SMC Non AE Covered,SM&C Commercial - Corporate,United States,US.SWA.200.NonAE.DS.312,IT Services & Business Advisory,System Integration,,SMC Acq Azure,DASTENVO,,,JAWWADBAIG,SMC Low Code,CRLEMUS,SMC Grow MW,KITUNNEY,,RENYABRAHAM
1965984,ENTERTAINMENT PARTNERS,SMC AE Covered,SM&C Commercial - Corporate,United States,US.DMA.100.DS.103,Media & Entertainment,"Books, Magazines, Newspaper",ERJAME,SMC Acq Azure,ZAJOHNS,,,DBRAHAM,SMC Low Code,NATEKIEFERT,SMC Grow Security,,APAULHUS,JASONALV
19550538,Amplify Energy,SMC Non AE Covered,SM&C Commercial - Corporate,United States,US.SWA.200.NonAE.DS.A.311,Oil & Gas,Oil & Gas,,SMC Acq Azure,DASTENVO,,,DMONCIBAIS,SMC Low Code,CRLEMUS,SMC Grow Security,,HUGHCOLLINS,RENYABRAHAM
19481366,"Hawaii Pacific Energy, LLC.",SMC AE Covered,SM&C Commercial - Corporate,United States,US.SWA.100.DS.104,Oil & Gas,Oil & Gas,CHCAYWOO,SMC Acq Azure,JAMESVINSON,,,JAMIEBUTLER,SMC Low Code,SEYOUNG,SMC Grow Security,,BRREEVE,DAPATTER
19460551,LIBERTY OILFIELD SERVICES,SMC AE Covered,SM&C Commercial - Corporate,United States,US.DMA.100.DS.101,Oil & Gas,Oil & Gas,LYVINSON,SMC Acq Azure,ZAJOHNS,,,ALICIACARLO,SMC Low Code,CRLEMUS,SMC Grow Security,,APAULHUS,JASONALV
1917980,EXTERRAN HOLDINGS,SMC AE Covered,SM&C Commercial - Corporate,United States,US.SWA.100.DS.104,Oil & Gas,Oil & Gas,CHCAYWOO,SMC Acq Azure,JAMESVINSON,,,JAMIEBUTLER,SMC Low Code,SEYOUNG,SMC Grow MW,KITUNNEY,,DAPATTER
19093797,Nine Energy Services,SMC AE Covered,SM&C Commercial - Corporate,United States,US.SWA.100.DS.104,Oil & Gas,Oil & Gas,CHCAYWOO,SMC Acq Azure,JAMESVINSON,,,JAMIEBUTLER,SMC Low Code,SEYOUNG,SMC Grow Security,,BRREEVE,DAPATTER
19059717,APACHE INDUSTRIAL SERVICE,SMC AE Covered,SM&C Commercial - Corporate,United States,US.SWA.100.DS.104,Real Estate,Property Management,CHCAYWOO,SMC Grow Azure,"MICHELLEKING, KHANRAHAN",ERHALDAN,MWILLEY,JAMIEBUTLER,SMC Low Code,SEYOUNG,SMC Grow Security,,BRREEVE,DAPATTER
18985299,Geostabilization International,SMC Non AE Covered,SM&C Commercial - Corporate,United States,US.DMA.200.NonAE.DS.B.111,Real Estate,Construction of Buildings,,SMC Acq Azure,ZAJOHNS,,,ALICIACARLO,SMC Low Code,NATEKIEFERT,SMC Grow MW,BMERVIN,,JASONALV
18849908,955342534 NSI INDUSTRIES,SMC Non AE Covered,SM&C Commercial - Corporate,United States,US.DMA.200.NonAE.DS.B.111,Other Professional Services,Commercial Contractual,,SMC Acq Azure,ZAJOHNS,,,ALICIACARLO,SMC Low Code,NATEKIEFERT,SMC Grow MW,BMERVIN,,JASONALV
18728987,AXOS Bank,SMC AE Covered,SM&C Commercial - Corporate,United States,US.DMA.100.DS.102,Banking,Commercial Banking,ANSCOBEE,SMC Grow Azure,"MICHELLEKING, KEVCARTER",ERHALDAN,BRIANJISHI,DBRAHAM,SMC Low Code,NATEKIEFERT,SMC Grow Security,,MARIDEEADLER,JASONALV
1850356,LPA INC,SMC AE Covered,SM&C Commercial - Corporate,United States,US.DMA.100.DS.101,Other Professional Services,Architectural Services,LYVINSON,SMC Acq Azure,ZAJOHNS,,,ALICIACARLO,SMC Low Code,CRLEMUS,SMC Grow Security,,APAULHUS,JASONALV
1850344,JAMS,SMC AE Covered,SM&C Commercial - Corporate,United States,US.DMA.100.DS.102,Other Professional Services,Legal,ANSCOBEE,SMC Acq Azure,ZAJOHNS,,,DBRAHAM,SMC Low Code,NATEKIEFERT,SMC Acq MW,ALHOPKIN,,JASONALV
1847270,ENTERPRISE EVENTS GROUP,SMC Non AE Covered,SM&C Commercial - Corporate,United States,US.SWA.200.NonAE.DS.312,IT Services & Business Advisory,Management Consulting,,SMC Acq Azure,DASTENVO,,,JAWWADBAIG,SMC Low Code,CRLEMUS,SMC Grow MW,KITUNNEY,,RENYABRAHAM
1838323,RABA KISTNER CONSULTANTS INC,SMC Non AE Covered,SM&C Commercial - Corporate,United States,US.SWA.200.NonAE.DS.A.321,Other Professional Services,Structural Engineering Svcs,,SMC Grow Azure,"MICHELLEKING, KHANRAHAN",ERHALDAN,MWILLEY,MSINGLEY,SMC Low Code,CRLEMUS,SMC Grow Security,,HUGHCOLLINS,RENYABRAHAM
1825909,TX-DRISCOLL CHILDRENS HOSPITAL,SMC AE Covered,SM&C Commercial - Corporate,United States,US.SWA.100.DS.104,Health Provider,Hospitals,CHCAYWOO,SMC Acq Azure,JAMESVINSON,,,JAMIEBUTLER,SMC Low Code,SEYOUNG,SMC Grow Security,,BRREEVE,DAPATTER
18256237,Bridge Investment Group Partners,SMC AE Covered,SM&C Commercial - Corporate,United States,US.DMA.100.DS.101,Capital Markets,Asset Management,LYVINSON,SMC Grow Azure,"MICHELLEKING, KAAMBUEH",MFRYE,BRIANJISHI,ALICIACARLO,SMC Low Code,CRLEMUS,SMC Acq MW,ALHOPKIN,,JASONALV
18078407,COTTAGE HEALTH SYSTEM,SMC AE Covered,SM&C Commercial - Corporate,United States,US.DMA.100.DS.103,Health Provider,Hospitals,ERJAME,SMC Acq Azure,ZAJOHNS,,,DBRAHAM,SMC Low Code,NATEKIEFERT,SMC Grow Security,,APAULHUS,JASONALV
18042604,California Republic Bank,SMC AE Covered,SM&C Commercial - Corporate,United States,US.DMA.100.DS.101,Banking,Commercial Banking,LYVINSON,SMC Acq Azure,ZAJOHNS,,,ALICIACARLO,SMC Low Code,CRLEMUS,SMC Grow Security,,APAULHUS,JASONALV
17980502,Omni Logistics,SMC AE Covered,SM&C Commercial - Corporate,United States,US.SWA.100.DS.103,Transport & Logistics,Transport Support Activities,PASTURGI,SMC Acq Azure,JAMESVINSON,,,JAMIEBUTLER,SMC Low Code,SEYOUNG,SMC Grow Security,,RODKELLY,DAPATTER
1797548,ALEXANDRIA REAL ESTATE EQUITIES INC,SMC AE Covered,SM&C Commercial - Corporate,United States,US.DMA.100.DS.103,Real Estate,Real Estate Brokerage,ERJAME,SMC Grow Azure,"MICHELLEKING, GEPAULDI",ERHALDAN,BRIANJISHI,DBRAHAM,SMC Low Code,NATEKIEFERT,SMC Grow Security,,APAULHUS,JASONALV
1787432,TRANSMONTAIGNE,SMC Non AE Covered,SM&C Commercial - Corporate,United States,US.DMA.200.NonAE.DS.B.111,Oil & Gas,Oil & Gas,,SMC Acq Azure,ZAJOHNS,,,ALICIACARLO,SMC Low Code,NATEKIEFERT,SMC Grow Security,,MARIDEEADLER,JASONALV
17838713,CUMMING CONSTRUCTION MANAGEMEN,SMC AE Covered,SM&C Commercial - Corporate,United States,US.DMA.100.DS.101,Real Estate,Construction of Buildings,LYVINSON,SMC Grow Azure,"MICHELLEKING, KAAMBUEH",MFRYE,BRIANJISHI,ALICIACARLO,SMC Low Code,CRLEMUS,SMC Grow Security,,APAULHUS,JASONALV
17834256,"The Collector Car Network, Inc.",SMC Non AE Covered,SM&C Commercial - Corporate,United States,US.SWA.200.NonAE.DS.A.321,Automotive & Mobility,Vehicle Dealers & Repair,,SMC Grow Azure,"MICHELLEKING, KHANRAHAN",ERHALDAN,MWILLEY,MSINGLEY,SMC Low Code,CRLEMUS,SMC Grow MW,KITUNNEY,,RENYABRAHAM
17668008,EP ENERGY LLC,SMC AE Covered,SM&C Commercial - Corporate,United States,US.SWA.100.DS.104,Oil & Gas,Oil & Gas,CHCAYWOO,SMC Acq Azure,JAMESVINSON,,,JAMIEBUTLER,SMC Low Code,SEYOUNG,SMC Acq MW,ADSCHWIC,,DAPATTER
17456267,RUSHMORE LOAN MANAGEMENT SERVICES LLC,SMC AE Covered,SM&C Commercial - Corporate,United States,US.DMA.100.DS.101,Banking,Commercial Banking,LYVINSON,SMC Acq Azure,ZAJOHNS,,,ALICIACARLO,SMC Low Code,CRLEMUS,SMC Grow Security,,APAULHUS,JASONALV
1742464,COPIC INSURANCE,SMC Non AE Covered,SM&C Commercial - Corporate,United States,US.DMA.200.NonAE.DS.B.111,Insurance,Direct Prop_Casualty Insurance,,SMC Acq Azure,ZAJOHNS,,,ALICIACARLO,SMC Low Code,NATEKIEFERT,SMC Grow Security,,MARIDEEADLER,JASONALV
17364335,NEUDESIC LLC,SMC AE Covered,SM&C Commercial - Corporate,United States,US.DMA.100.DS.101,IT Services & Business Advisory,System Integration,LYVINSON,SMC Grow Azure,"MICHELLEKING, KAAMBUEH",MFRYE,BRIANJISHI,ALICIACARLO,SMC Low Code,CRLEMUS,SMC Grow Security,,APAULHUS,JASONALV
1733613,SUN COAST RESOURCES INC,SMC AE Covered,SM&C Commercial - Corporate,United States,US.SWA.100.DS.104,Oil & Gas,Oil & Gas,CHCAYWOO,SMC Grow Azure,"MICHELLEKING, KHANRAHAN",ERHALDAN,MWILLEY,JAMIEBUTLER,SMC Low Code,SEYOUNG,SMC Grow Security,,BRREEVE,DAPATTER
17073564,FREEWAY ADMINISTRATIVE SERVICES INC,SMC AE Covered,SM&C Commercial - Corporate,United States,US.DMA.100.DS.101,Insurance,Agents & Brokers,LYVINSON,SMC Acq Azure,ZAJOHNS,,,ALICIACARLO,SMC Low Code,CRLEMUS,SMC Acq MW,ALHOPKIN,,JASONALV
17029167,DONAHUE SCHRIBER,SMC Non AE Covered,SM&C Commercial - Corporate,United States,US.SWA.200.NonAE.DS.312,Real Estate,Property Development,,SMC Acq Azure,DASTENVO,,,JAWWADBAIG,SMC Low Code,CRLEMUS,SMC Grow Security,,HUGHCOLLINS,RENYABRAHAM
17025553,CLEARDATA NETWORKS INC,SMC AE Covered,SM&C Commercial - Corporate,United States,US.DMA.100.DS.102,Other Professional Services,Commercial Contractual,ANSCOBEE,SMC Grow Azure,"MICHELLEKING, KEVCARTER",ERHALDAN,BRIANJISHI,DBRAHAM,SMC Low Code,NATEKIEFERT,SMC Grow Security,,MARIDEEADLER,JASONALV
1651481,BRACEWELL & PATTERSON LLP,SMC AE Covered,SM&C Commercial - Corporate,United States,US.SWA.100.DS.103,Other Professional Services,Legal,PASTURGI,SMC Acq Azure,JAMESVINSON,,,JAMIEBUTLER,SMC Low Code,SEYOUNG,SMC Grow Security,,RODKELLY,DAPATTER
16395882,AAM LLC,SMC Non AE Covered,SM&C Commercial - Corporate,United States,US.DMA.200.NonAE.DS.B.111,Nonprofit & IGO,Member Organizations,,SMC Acq Azure,ZAJOHNS,,,ALICIACARLO,SMC Low Code,NATEKIEFERT,SMC Grow Security,,MARIDEEADLER,JASONALV
16355397,LIBERTY DENTAL PLAN OF CA INC,SMC AE Covered,SM&C Commercial - Corporate,United States,US.DMA.100.DS.101,Health Payor,Health Care Insurance,LYVINSON,SMC Grow Azure,"MICHELLEKING, KAAMBUEH",MFRYE,BRIANJISHI,ALICIACARLO,SMC Low Code,CRLEMUS,SMC Grow Security,,APAULHUS,JASONALV
1622575,Randolph Brooks Federal Credit Union,SMC AE Covered,SM&C Commercial - Corporate,United States,US.SWA.100.DS.103,Banking,Credit Unions,PASTURGI,SMC Grow Azure,"MICHELLEKING, KHANRAHAN",ERHALDAN,MWILLEY,JAMIEBUTLER,SMC Low Code,SEYOUNG,SMC Grow Security,,RODKELLY,DAPATTER
1616260,UNIVERSAL WEATHER AND AVIATION,SMC AE Covered,SM&C Commercial - Corporate,United States,US.SWA.100.DS.103,Other - Unsegmented,Other - Unsegmented,PASTURGI,SMC Grow Azure,"MICHELLEKING, KHANRAHAN",ERHALDAN,MWILLEY,JAMIEBUTLER,SMC Low Code,SEYOUNG,SMC Grow Security,,RODKELLY,DAPATTER
16156268,SMI IMAGING LLC,SMC AE Covered,SM&C Commercial - Corporate,United States,US.DMA.100.DS.103,Health Provider,Health Services & Aged Care,ERJAME,SMC Acq Azure,ZAJOHNS,,,DBRAHAM,SMC Low Code,NATEKIEFERT,SMC Acq MW,ALHOPKIN,,JASONALV
15987154,GUILD MORTGAGE CO,SMC AE Covered,SM&C Commercial - Corporate,United States,US.DMA.100.DS.102,Banking,Commercial Banking,ANSCOBEE,SMC Grow Azure,"MICHELLEKING, KEVCARTER",ERHALDAN,BRIANJISHI,DBRAHAM,SMC Low Code,NATEKIEFERT,SMC Grow Security,,MARIDEEADLER,JASONALV
15951974,OAK HILL ADVISORS L P,SMC AE Covered,SM&C Commercial - Corporate,United States,US.SWA.100.DS.103,Capital Markets,Investment Banking,PASTURGI,SMC Acq Azure,JAMESVINSON,,,JAMIEBUTLER,SMC Low Code,SEYOUNG,SMC Grow Security,,RODKELLY,DAPATTER
15816998,GROUP 1 AUTOMOTIVE,SMC Non AE Covered,SM&C Commercial - Corporate,United States,US.SWA.200.NonAE.DS.312,Automotive & Mobility,Vehicle OEM,,SMC Acq Azure,DASTENVO,,,JAWWADBAIG,SMC Low Code,CRLEMUS,SMC Acq MW,ADSCHWIC,,RENYABRAHAM
1577088,PACIFIC RIM MECHANICAL INC,SMC AE Covered,SM&C Commercial - Corporate,United States,US.DMA.100.DS.103,Real Estate,Construction of Buildings,ERJAME,SMC Acq Azure,ZAJOHNS,,,DBRAHAM,SMC Low Code,NATEKIEFERT,SMC Grow Security,,APAULHUS,JASONALV
1571998,FENNEMORE CRAIG,SMC AE Covered,SM&C Commercial - Corporate,United States,US.DMA.100.DS.102,Other Professional Services,Legal,ANSCOBEE,SMC Acq Azure,ZAJOHNS,,,DBRAHAM,SMC Low Code,NATEKIEFERT,SMC Grow Security,,MARIDEEADLER,JASONALV
15643110,Pacific Premier Bank,SMC AE Covered,SM&C Commercial - Corporate,United States,US.DMA.100.DS.101,Banking,Commercial Banking,LYVINSON,SMC Acq Azure,ZAJOHNS,,,ALICIACARLO,SMC Low Code,CRLEMUS,SMC Grow Security,,APAULHUS,JASONALV
15588240,NEXREV,SMC Non AE Covered,SM&C Commercial - Corporate,United States,US.SWA.200.NonAE.DS.A.321,Other Professional Services,Architectural Services,,SMC Grow Azure,"MICHELLEKING, KHANRAHAN",ERHALDAN,MWILLEY,MSINGLEY,SMC Low Code,CRLEMUS,SMC Grow MW,KITUNNEY,,RENYABRAHAM
15575195,AP WIRELESS INFRASTRUCTURE,SMC AE Covered,SM&C Commercial - Corporate,United States,US.DMA.100.DS.102,Telecommunications,Mobile Virtual Ntwrk Operator,ANSCOBEE,SMC Acq Azure,ZAJOHNS,,,DBRAHAM,SMC Low Code,NATEKIEFERT,SMC Grow Security,,MARIDEEADLER,JASONALV
1557436,CORE LABORATORIES,SMC AE Covered,SM&C Commercial - Corporate,United States,US.SWA.100.DS.104,Oil & Gas,Oil & Gas,CHCAYWOO,SMC Grow Azure,"MICHELLEKING, KHANRAHAN",ERHALDAN,MWILLEY,JAMIEBUTLER,SMC Low Code,SEYOUNG,SMC Grow Security,,BRREEVE,DAPATTER
15388342,Amcap Mortgage,SMC AE Covered,SM&C Commercial - Corporate,United States,US.SWA.100.DS.104,Banking,Commercial Banking,CHCAYWOO,SMC Grow Azure,"MICHELLEKING, KHANRAHAN",ERHALDAN,MWILLEY,JAMIEBUTLER,SMC Low Code,SEYOUNG,SMC Grow Security,,BRREEVE,DAPATTER
15153228,LENDINGCLUB CORP,SMC AE Covered,SM&C Commercial - Corporate,United States,US.DMA.100.DS.102,Banking,Commercial Banking,ANSCOBEE,SMC Acq Azure,ZAJOHNS,,,DBRAHAM,SMC Low Code,NATEKIEFERT,SMC Grow Security,,MARIDEEADLER,JASONALV
15146032,Intellectual Technology,SMC AE Covered,SM&C Commercial - Corporate,United States,US.DMA.100.DS.103,IT Services & Business Advisory,System Integration,ERJAME,SMC Grow Azure,"MICHELLEKING, GEPAULDI",ERHALDAN,BRIANJISHI,DBRAHAM,SMC Low Code,NATEKIEFERT,SMC Grow MW,BMERVIN,,JASONALV
15136258,ALTERYX LLC,SMC AE Covered,SM&C Commercial - Corporate,United States,US.DMA.100.DS.101,"At scale SW, data & platforms","At scale SW, data & platforms",LYVINSON,SMC Grow Azure,"MICHELLEKING, KAAMBUEH",MFRYE,BRIANJISHI,ALICIACARLO,SMC Low Code,CRLEMUS,SMC Grow Security,,APAULHUS,JASONALV
15099722,LIQUID ENVIRONMENTAL SOLUTIONS,SMC Non AE Covered,SM&C Commercial - Corporate,United States,US.SWA.200.NonAE.DS.A.311,Other Professional Services,Commercial Contractual,,SMC Acq Azure,DASTENVO,,,DMONCIBAIS,SMC Low Code,CRLEMUS,SMC Grow MW,KITUNNEY,,RENYABRAHAM
15081913,TECOLOTE RESEARCH INC,SMC AE Covered,SM&C Commercial - Corporate,United States,US.DMA.100.DS.103,Nonprofit & IGO,Research,ERJAME,SMC Acq Azure,ZAJOHNS,,,DBRAHAM,SMC Low Code,NATEKIEFERT,SMC Acq MW,ALHOPKIN,,JASONALV
14986807,CONSUMER PORTFOLIO SERVICE,SMC AE Covered,SM&C Commercial - Corporate,United States,US.DMA.100.DS.101,Banking,Retail Banking,LYVINSON,SMC Acq Azure,ZAJOHNS,,,ALICIACARLO,SMC Low Code,CRLEMUS,SMC Grow MW,BMERVIN,,JASONALV
14969709,WIDEORBIT,SMC AE Covered,SM&C Commercial - Corporate,United States,US.DMA.100.DS.102,"At scale SW, data & platforms","At scale SW, data & platforms",ANSCOBEE,SMC Grow Azure,"MICHELLEKING, KEVCARTER",ERHALDAN,BRIANJISHI,DBRAHAM,SMC Low Code,NATEKIEFERT,SMC Grow Security,,MARIDEEADLER,JASONALV
1492663,Lockheed Federal Credit Union,SMC AE Covered,SM&C Commercial - Corporate,United States,US.DMA.100.DS.103,Banking,Credit Unions,ERJAME,SMC Grow Azure,"MICHELLEKING, GEPAULDI",ERHALDAN,BRIANJISHI,DBRAHAM,SMC Low Code,NATEKIEFERT,SMC Grow Security,,APAULHUS,JASONALV
1490329,DENBURY RESOURCES INC,SMC AE Covered,SM&C Commercial - Corporate,United States,US.SWA.100.DS.104,Oil & Gas,Oil & Gas,CHCAYWOO,SMC Acq Azure,JAMESVINSON,,,JAMIEBUTLER,SMC Low Code,SEYOUNG,SMC Grow Security,,BRREEVE,DAPATTER
14787930,BEUSA ENERGY INC,SMC Non AE Covered,SM&C Commercial - Corporate,United States,US.SWA.200.NonAE.DS.A.311,Oil & Gas,Oil & Gas,,SMC Grow Azure,"MICHELLEKING, DUCHATHA",ERHALDAN,"NENOBIE, MWILLEY",DMONCIBAIS,SMC Low Code,CRLEMUS,SMC Grow MW,KITUNNEY,,RENYABRAHAM
1472438,HILCORP ENERGY COMPANY,SMC AE Covered,SM&C Commercial - Corporate,United States,US.SWA.100.DS.104,Oil & Gas,Oil & Gas,CHCAYWOO,SMC Acq Azure,JAMESVINSON,,,JAMIEBUTLER,SMC Low Code,SEYOUNG,SMC Grow MW,KITUNNEY,,DAPATTER
14283975,"Millennium Health, Inc",SMC AE Covered,SM&C Commercial - Corporate,United States,US.DMA.100.DS.103,Health Provider,Private Physicians Practices,ERJAME,SMC Acq Azure,ZAJOHNS,,,DBRAHAM,SMC Low Code,NATEKIEFERT,SMC Grow Security,,APAULHUS,JASONALV
14117062,SELECT ENERGY SERVICES,SMC AE Covered,SM&C Commercial - Corporate,United States,US.SWA.100.DS.103,Oil & Gas,Oil & Gas,PASTURGI,SMC Acq Azure,JAMESVINSON,,,JAMIEBUTLER,SMC Low Code,SEYOUNG,SMC Grow MW,KITUNNEY,,DAPATTER
13949539,INDEPENDENT BANK,SMC AE Covered,SM&C Commercial - Corporate,United States,US.SWA.100.DS.104,Banking,Central Banks,CHCAYWOO,SMC Grow Azure,"MICHELLEKING, KHANRAHAN",ERHALDAN,MWILLEY,JAMIEBUTLER,SMC Low Code,SEYOUNG,SMC Grow Security,,BRREEVE,DAPATTER
1385981,Covenant Care,SMC AE Covered,SM&C Commercial - Corporate,United States,US.DMA.100.DS.101,Health Provider,Hospitals,LYVINSON,SMC Acq Azure,ZAJOHNS,,,ALICIACARLO,SMC Low Code,CRLEMUS,SMC Acq MW,ALHOPKIN,,JASONALV
13820886,Range Resources Corporation,SMC AE Covered,SM&C Commercial - Corporate,United States,US.SWA.100.DS.103,Oil & Gas,Oil & Gas,PASTURGI,SMC Acq Azure,JAMESVINSON,,,JAMIEBUTLER,SMC Low Code,SEYOUNG,SMC Grow Security,,RODKELLY,DAPATTER
13766713,BAY EQUITY,SMC AE Covered,SM&C Commercial - Corporate,United States,US.DMA.100.DS.102,Capital Markets,Investment Banking,ANSCOBEE,SMC Grow Azure,"MICHELLEKING, KEVCARTER",ERHALDAN,BRIANJISHI,DBRAHAM,SMC Low Code,NATEKIEFERT,SMC Grow Security,,MARIDEEADLER,JASONALV
1375924,CHOC CHILDRENS HOSPITAL,SMC AE Covered,SM&C Commercial - Corporate,United States,US.DMA.100.DS.103,Health Provider,Hospitals,ERJAME,SMC Grow Azure,"MICHELLEKING, GEPAULDI",ERHALDAN,BRIANJISHI,DBRAHAM,SMC Low Code,NATEKIEFERT,SMC Grow Security,,APAULHUS,JASONALV
13686100,CROWLEY FLECK PLLP,SMC AE Covered,SM&C Commercial - Corporate,United States,US.DMA.100.DS.103,Other Professional Services,Legal,ERJAME,SMC Acq Azure,ZAJOHNS,,,DBRAHAM,SMC Low Code,NATEKIEFERT,SMC Acq MW,ALHOPKIN,,JASONALV
13539023,Berry Petroleum,SMC AE Covered,SM&C Commercial - Corporate,United States,US.SWA.100.DS.104,Oil & Gas,Oil & Gas,CHCAYWOO,SMC Acq Azure,JAMESVINSON,,,JAMIEBUTLER,SMC Low Code,SEYOUNG,SMC Grow Security,,BRREEVE,DAPATTER
1351076,GLIDEWELL LABORATORIES,SMC AE Covered,SM&C Commercial - Corporate,United States,US.DMA.100.DS.103,Health Pharma,Biotech,ERJAME,SMC Acq Azure,ZAJOHNS,,,DBRAHAM,SMC Low Code,NATEKIEFERT,SMC Grow MW,BMERVIN,,JASONALV
13490793,ISG Technology,SMC AE Covered,SM&C Commercial - Corporate,United States,US.SWA.100.DS.104,IT Services & Business Advisory,Managed IT Services,CHCAYWOO,SMC Grow Azure,"MICHELLEKING, KHANRAHAN",ERHALDAN,MWILLEY,JAMIEBUTLER,SMC Low Code,SEYOUNG,SMC Grow Security,,BRREEVE,DAPATTER
13460857,CRESAPARTNERS LLC,SMC AE Covered,SM&C Commercial - Corporate,United States,US.DMA.100.DS.102,Other - Unsegmented,Other - Unsegmented,ANSCOBEE,SMC Acq Azure,ZAJOHNS,,,DBRAHAM,SMC Low Code,NATEKIEFERT,SMC Grow Security,,MARIDEEADLER,JASONALV
1345866,MARIN GENERAL HOSPITAL,SMC AE Covered,SM&C Commercial - Corporate,United States,US.DMA.100.DS.101,Health Provider,Hospitals,LYVINSON,SMC Grow Azure,"MICHELLEKING, KAAMBUEH",MFRYE,BRIANJISHI,ALICIACARLO,SMC Low Code,CRLEMUS,SMC Grow MW,BMERVIN,,JASONALV
13442164,PATHWAY CAPITAL,SMC AE Covered,SM&C Commercial - Corporate,United States,US.SWA.100.DS.104,IT Services & Business Advisory,Managed Services,CHCAYWOO,SMC Grow Azure,"MICHELLEKING, KHANRAHAN",ERHALDAN,MWILLEY,JAMIEBUTLER,SMC Low Code,SEYOUNG,SMC Acq MW,ADSCHWIC,,DAPATTER
13437984,TRACE3,SMC AE Covered,SM&C Commercial - Corporate,United States,US.DMA.100.DS.101,Other Professional Services,Commercial Contractual,LYVINSON,SMC Grow Azure,"MICHELLEKING, KAAMBUEH",MFRYE,BRIANJISHI,ALICIACARLO,SMC Low Code,CRLEMUS,SMC Grow Security,,APAULHUS,JASONALV
13214701,IT1 SOURCE,SMC AE Covered,SM&C Commercial - Corporate,United States,US.DMA.100.DS.102,Other - Unsegmented,Other - Unsegmented,ANSCOBEE,SMC Acq Azure,ZAJOHNS,,,DBRAHAM,SMC Low Code,NATEKIEFERT,SMC Acq MW,ALHOPKIN,,JASONALV
13058502,PENNY MAC,SMC AE Covered,SM&C Commercial - Corporate,United States,US.DMA.100.DS.102,Banking,Central Banks,ANSCOBEE,SMC Acq Azure,ZAJOHNS,,,DBRAHAM,SMC Low Code,NATEKIEFERT,SMC Acq MW,ALHOPKIN,,JASONALV
1300985,Neurocrine Biosciences Inc,SMC AE Covered,SM&C Commercial - Corporate,United States,US.DMA.100.DS.103,Health Pharma,Biotech,ERJAME,SMC Grow Azure,"MICHELLEKING, GEPAULDI",ERHALDAN,BRIANJISHI,DBRAHAM,SMC Low Code,NATEKIEFERT,SMC Grow Security,,APAULHUS,JASONALV
12948505,ALLIANCE HEALTHCARE SERVICES,SMC AE Covered,SM&C Commercial - Corporate,United States,US.DMA.100.DS.101,Health Pharma,Biotech,LYVINSON,SMC Acq Azure,ZAJOHNS,,,ALICIACARLO,SMC Low Code,CRLEMUS,SMC Grow MW,BMERVIN,,JASONALV
1289688,Greenberg Glusker Fields,SMC Non AE Covered,SM&C Commercial - Corporate,United States,US.SWA.200.NonAE.DS.312,Other Professional Services,Legal,,SMC Acq Azure,DASTENVO,,,JAWWADBAIG,SMC Low Code,CRLEMUS,SMC Acq MW,ADSCHWIC,,RENYABRAHAM
12895599,TheMLS,SMC Non AE Covered,SM&C Commercial - Corporate,United States,US.SWA.200.NonAE.DS.A.321,IT Services & Business Advisory,System Integration,,SMC Grow Azure,"MICHELLEKING, KHANRAHAN",ERHALDAN,MWILLEY,MSINGLEY,SMC Low Code,CRLEMUS,SMC Acq MW,ADSCHWIC,,RENYABRAHAM
12895226,STYLECRAFT BUILDERS,SMC Non AE Covered,SM&C Commercial - Corporate,United States,US.SWA.200.NonAE.DS.A.321,Real Estate,Construction of Buildings,,SMC Acq Azure,DASTENVO,,,MSINGLEY,SMC Low Code,CRLEMUS,SMC Acq MW,ADSCHWIC,,RENYABRAHAM
12853588,SCHOOLSFIRST FEDERAL CREDIT UNION,SMC AE Covered,SM&C Commercial - Corporate,United States,US.DMA.100.DS.102,Banking,Credit Unions,ANSCOBEE,SMC Acq Azure,ZAJOHNS,,,DBRAHAM,SMC Low Code,NATEKIEFERT,SMC Grow Security,,MARIDEEADLER,JASONALV
1276177,LUDVIK ELECTRIC CO,SMC Non AE Covered,SM&C Commercial - Corporate,United States,US.DMA.200.NonAE.DS.B.111,Real Estate,Specialty Trade Contractors,,SMC Grow Azure,"MICHELLEKING, KEVCARTER",ERHALDAN,BRIANJISHI,ALICIACARLO,SMC Low Code,NATEKIEFERT,SMC Grow Security,,MARIDEEADLER,JASONALV
1261846,Eye Associates of NM,SMC Non AE Covered,SM&C Commercial - Corporate,United States,US.DMA.200.NonAE.DS.B.111,IT Services & Business Advisory,System Integration,,SMC Acq Azure,ZAJOHNS,,,ALICIACARLO,SMC Low Code,NATEKIEFERT,SMC Grow MW,BMERVIN,,JASONALV
1252820,"Dudek and Associates, Inc.",SMC AE Covered,SM&C Commercial - Corporate,United States,US.DMA.100.DS.103,Other Professional Services,Structural Engineering Svcs,ERJAME,SMC Grow Azure,"MICHELLEKING, GEPAULDI",ERHALDAN,BRIANJISHI,DBRAHAM,SMC Low Code,NATEKIEFERT,SMC Grow Security,,APAULHUS,JASONALV
12518837,SA RECYCLING,SMC AE Covered,SM&C Commercial - Corporate,United States,US.DMA.100.DS.101,Process Manufacturing,Metal,LYVINSON,SMC Acq Azure,ZAJOHNS,,,ALICIACARLO,SMC Low Code,CRLEMUS,SMC Grow Security,,APAULHUS,JASONALV
12334461,Vendor Resource Management,SMC Non AE Covered,SM&C Commercial - Corporate,United States,US.SWA.200.NonAE.DS.A.321,IT Services & Business Advisory,Managed IT Services,,SMC Acq Azure,DASTENVO,,,MSINGLEY,SMC Low Code,CRLEMUS,SMC Acq MW,ADSCHWIC,,RENYABRAHAM
1224311,HELLMUTH OBATA & KASSABAUM,SMC AE Covered,SM&C Commercial - Corporate,United States,US.SWA.100.DS.104,Other Professional Services,Structural Engineering Svcs,CHCAYWOO,SMC Grow Azure,"MICHELLEKING, KHANRAHAN",ERHALDAN,MWILLEY,JAMIEBUTLER,SMC Low Code,SEYOUNG,SMC Grow Security,,BRREEVE,DAPATTER
12199426,YUMA REGIONAL MEDICAL CENTER,SMC AE Covered,SM&C Commercial - Corporate,United States,US.DMA.100.DS.101,Health Provider,Hospitals,LYVINSON,SMC Acq Azure,ZAJOHNS,,,ALICIACARLO,SMC Low Code,CRLEMUS,SMC Grow Security,,APAULHUS,JASONALV
1203593,OMNI HOTELS A P DEPT,SMC AE Covered,SM&C Commercial - Corporate,United States,US.SWA.100.DS.104,Hospitality,"Hotel, Motel & Casino",CHCAYWOO,SMC Grow Azure,"MICHELLEKING, KHANRAHAN",ERHALDAN,MWILLEY,JAMIEBUTLER,SMC Low Code,SEYOUNG,SMC Grow MW,KITUNNEY,,DAPATTER
11936863,GOLDS GYM,SMC Non AE Covered,SM&C Commercial - Corporate,United States,US.SWA.200.NonAE.DS.A.311,Media & Entertainment,Fitness,,SMC Acq Azure,DASTENVO,,,DMONCIBAIS,SMC Low Code,CRLEMUS,SMC Grow MW,KITUNNEY,,RENYABRAHAM
11935867,NEWTEK BUSINESS SERVICES,SMC Non AE Covered,SM&C Commercial - Corporate,United States,US.DMA.200.NonAE.DS.B.111,Other - Unsegmented,Other - Unsegmented,,SMC Acq Azure,ZAJOHNS,,,ALICIACARLO,SMC Low Code,NATEKIEFERT,SMC Grow Security,,MARIDEEADLER,JASONALV
1190809,IRVINE COMPANY,SMC AE Covered,SM&C Commercial - Corporate,United States,US.DMA.100.DS.103,Real Estate,Real Estate Brokerage,ERJAME,SMC Acq Azure,ZAJOHNS,,,DBRAHAM,SMC Low Code,NATEKIEFERT,SMC Acq MW,ALHOPKIN,,JASONALV
11815948,NEUCG,SMC Non AE Covered,SM&C Commercial - Corporate,United States,US.DMA.200.NonAE.DS.B.111,IT Services & Business Advisory,Managed IT Services,,SMC Acq Azure,ZAJOHNS,,,ALICIACARLO,SMC Low Code,NATEKIEFERT,SMC Acq MW,ALHOPKIN,,JASONALV
11815790,AMERICAN SPECIALTY HEALTH,SMC AE Covered,SM&C Commercial - Corporate,United States,US.DMA.100.DS.103,Health Payor,Health Care Insurance,ERJAME,SMC Grow Azure,"MICHELLEKING, GEPAULDI",ERHALDAN,BRIANJISHI,DBRAHAM,SMC Low Code,NATEKIEFERT,SMC Grow Security,,APAULHUS,JASONALV
1181029,NATIONAL WESTERN LIFE INSURANCE COMPANY,SMC AE Covered,SM&C Commercial - Corporate,United States,US.SWA.100.DS.103,Insurance,Direct Life Insurance Carriers,PASTURGI,SMC Grow Azure,"MICHELLEKING, KHANRAHAN",ERHALDAN,MWILLEY,JAMIEBUTLER,SMC Low Code,SEYOUNG,SMC Grow Security,,RODKELLY,DAPATTER
11803495,VERTEX DATA SCIENCE LTD,SMC AE Covered,SM&C Commercial - Corporate,United States,US.SWA.100.DS.103,IT Services & Business Advisory,Managed IT Services,PASTURGI,SMC Grow Azure,"MICHELLEKING, KHANRAHAN",ERHALDAN,MWILLEY,JAMIEBUTLER,SMC Low Code,SEYOUNG,SMC Grow Security,,RODKELLY,DAPATTER
11795895,US Anesthesia Partners,SMC AE Covered,SM&C Commercial - Corporate,United States,US.SWA.100.DS.104,Health Provider,Private Physicians Practices,CHCAYWOO,SMC Grow Azure,"MICHELLEKING, KHANRAHAN",ERHALDAN,MWILLEY,JAMIEBUTLER,SMC Low Code,SEYOUNG,SMC Grow Security,,BRREEVE,DAPATTER
11755689,BISHOP LIFTING PRODUCTS INC,SMC Non AE Covered,SM&C Commercial - Corporate,United States,US.SWA.200.NonAE.DS.A.311,Oil & Gas,Oil & Gas,,SMC Acq Azure,DASTENVO,,,DMONCIBAIS,SMC Low Code,CRLEMUS,SMC Grow MW,KITUNNEY,,RENYABRAHAM
11537185,MERIDIANLINK INC,SMC AE Covered,SM&C Commercial - Corporate,United States,US.DMA.100.DS.103,"At scale SW, data & platforms","At scale SW, data & platforms",ERJAME,SMC Grow Azure,"MICHELLEKING, GEPAULDI",ERHALDAN,BRIANJISHI,DBRAHAM,SMC Low Code,NATEKIEFERT,SMC Grow Security,,APAULHUS,JASONALV
11476775,PROGRESS FINANCIAL,SMC AE Covered,SM&C Commercial - Corporate,United States,US.DMA.100.DS.102,Banking,Retail Banking,ANSCOBEE,SMC Grow Azure,"MICHELLEKING, KEVCARTER",ERHALDAN,BRIANJISHI,DBRAHAM,SMC Low Code,NATEKIEFERT,SMC Acq MW,ALHOPKIN,,JASONALV
11384098,MARTIN RESOURCE MANAGEMENT,SMC AE Covered,SM&C Commercial - Corporate,United States,US.SWA.100.DS.103,Oil & Gas,Oil & Gas,PASTURGI,SMC Acq Azure,JAMESVINSON,,,JAMIEBUTLER,SMC Low Code,SEYOUNG,SMC Grow Security,,RODKELLY,DAPATTER
11285177,SPARK ENERGY GAS AND ELECTRIC,SMC AE Covered,SM&C Commercial - Corporate,United States,US.SWA.100.DS.104,Power & Utilities,Power & Utilities,CHCAYWOO,SMC Acq Azure,JAMESVINSON,,,JAMIEBUTLER,SMC Low Code,SEYOUNG,SMC Grow Security,,BRREEVE,DAPATTER
11242303,PSI SERVICES LLC,SMC AE Covered,SM&C Commercial - Corporate,United States,US.DMA.100.DS.103,Nonprofit & IGO,Member Organizations,ERJAME,SMC Grow Azure,"MICHELLEKING, GEPAULDI",ERHALDAN,BRIANJISHI,DBRAHAM,SMC Low Code,NATEKIEFERT,SMC Grow Security,,APAULHUS,JASONALV
1112709,BRYAN RESEARCH & ENGINEERING,SMC Non AE Covered,SM&C Commercial - Corporate,United States,US.SWA.200.NonAE.DS.312,Other Professional Services,Structural Engineering Svcs,,SMC Acq Azure,DASTENVO,,,JAWWADBAIG,SMC Low Code,CRLEMUS,SMC Grow MW,KITUNNEY,,RENYABRAHAM
1103013,Heska Corp,SMC AE Covered,SM&C Commercial - Corporate,United States,US.SWA.100.DS.103,Health Provider,Svcs Not Elsewhere Classified,PASTURGI,SMC Acq Azure,JAMESVINSON,,,JAMIEBUTLER,SMC Low Code,SEYOUNG,SMC Grow Security,,RODKELLY,DAPATTER
10964721,"Innova Systems Invernational, LLC",SMC AE Covered,SM&C Commercial - Corporate,United States,US.DMA.100.DS.103,"At scale SW, data & platforms","At scale SW, data & platforms",ERJAME,SMC Grow Azure,"MICHELLEKING, GEPAULDI",ERHALDAN,BRIANJISHI,DBRAHAM,SMC Low Code,NATEKIEFERT,SMC Grow Security,,APAULHUS,JASONALV
1091192,FARMERS & MERCHANTS BANK OF LONG BEACH,SMC AE Covered,SM&C Commercial - Corporate,United States,US.DMA.100.DS.102,Banking,Commercial Banking,ANSCOBEE,SMC Acq Azure,ZAJOHNS,,,DBRAHAM,SMC Low Code,NATEKIEFERT,SMC Grow Security,,MARIDEEADLER,JASONALV
10779443,MD7 LLC,SMC AE Covered,SM&C Commercial - Corporate,United States,US.SWA.100.DS.104,Telecommunications,Comms Service Provider,CHCAYWOO,SMC Grow Azure,"MICHELLEKING, KHANRAHAN",ERHALDAN,MWILLEY,JAMIEBUTLER,SMC Low Code,SEYOUNG,SMC Grow MW,KITUNNEY,,DAPATTER
10715612,COSERVER ELECTRIC CUSTOM SERVICE,SMC AE Covered,SM&C Commercial - Corporate,United States,US.SWA.100.DS.103,Power & Utilities,Power & Utilities,PASTURGI,SMC Acq Azure,JAMESVINSON,,,JAMIEBUTLER,SMC Low Code,SEYOUNG,SMC Grow Security,,RODKELLY,DAPATTER
10705826,CARMEL DEVELOPMENT & MANAGEMENT CO INC,SMC Non AE Covered,SM&C Commercial - Corporate,United States,US.DMA.200.NonAE.DS.B.111,Real Estate,Construction of Buildings,,SMC Acq Azure,ZAJOHNS,,,ALICIACARLO,SMC Low Code,NATEKIEFERT,SMC Grow Security,,MARIDEEADLER,JASONALV
10597497,"MOBILITIE PARTNERS, LLC",SMC AE Covered,SM&C Commercial - Corporate,United States,US.DMA.100.DS.101,Telecommunications,Comms Service Provider,LYVINSON,SMC Acq Azure,ZAJOHNS,,,ALICIACARLO,SMC Low Code,CRLEMUS,SMC Grow Security,,APAULHUS,JASONALV
10382582,The Richards Group Inc,SMC Non AE Covered,SM&C Commercial - Corporate,United States,US.SWA.200.NonAE.DS.A.321,Media & Entertainment,Sport Teams & Clubs,,SMC Acq Azure,DASTENVO,,,MSINGLEY,SMC Low Code,CRLEMUS,SMC Grow MW,KITUNNEY,,RENYABRAHAM
10283260,HAMILTON COMPANY,SMC AE Covered,SM&C Commercial - Corporate,United States,US.DMA.100.DS.101,Health Provider,Svcs Not Elsewhere Classified,LYVINSON,SMC Grow Azure,"MICHELLEKING, KAAMBUEH",MFRYE,BRIANJISHI,ALICIACARLO,SMC Low Code,CRLEMUS,SMC Acq MW,ALHOPKIN,,JASONALV
10209516,CVR COFFEYVILLE RESOURCES LLC,SMC AE Covered,SM&C Commercial - Corporate,United States,US.SWA.100.DS.103,Oil & Gas,Oil & Gas,PASTURGI,SMC Acq Azure,JAMESVINSON,,,JAMIEBUTLER,SMC Low Code,SEYOUNG,SMC Grow Security,,RODKELLY,DAPATTER
10064899,BRISTOW HELICOPTERS,SMC AE Covered,SM&C Commercial - Corporate,United States,US.SWA.100.DS.103,Transport & Logistics,Air Transportation,PASTURGI,SMC Grow Azure,"MICHELLEKING, KHANRAHAN",ERHALDAN,MWILLEY,JAMIEBUTLER,SMC Low Code,SEYOUNG,SMC Grow Security,,RODKELLY,DAPATTER
10064832,DISCOVERY LAND CO,SMC AE Covered,SM&C Commercial - Corporate,United States,US.DMA.100.DS.102,Hospitality,Other Amusement and Recreation,ANSCOBEE,SMC Acq Azure,ZAJOHNS,,,DBRAHAM,SMC Low Code,NATEKIEFERT,SMC Acq MW,ALHOPKIN,,JASONALV
10063739,FLATIRONS SOLUTIONS,SMC Non AE Covered,SM&C Commercial - Corporate,United States,US.DMA.200.NonAE.DS.B.111,IT Services & Business Advisory,Managed IT Services,,SMC Acq Azure,ZAJOHNS,,,ALICIACARLO,SMC Low Code,NATEKIEFERT,SMC Grow Security,,MARIDEEADLER,JASONALV
10055587,ULTERRA DRILLING,SMC AE Covered,SM&C Commercial - Corporate,United States,US.SWA.100.DS.104,Oil & Gas,Oil & Gas,CHCAYWOO,SMC Grow Azure,"MICHELLEKING, KHANRAHAN",ERHALDAN,MWILLEY,JAMIEBUTLER,SMC Low Code,SEYOUNG,SMC Grow Security,,BRREEVE,DAPATTER
,,,,,,,,,,,,,,,,,,,
"Applied filters:
Sales Territory is US.DMA.100.DS.101, US.DMA.100.DS.102, US.DMA.100.DS.103, US.DMA.200.NonAE.DS.111, US.DMA.200.NonAE.DS.A.111, US.SWA.100.DS.103, US.SWA.100.DS.104, US.SWA.200.NonAE.DS.312, US.SWA.200.NonAE.DS.A.311, US.SWA.200.NonAE.DS.A.321, or US.DMA.200.NonAE.DS.B.111
Sales Unit is USA - Corporate - Commercial West",,,,,,,,,,,,,,,,,,,
